[{"model": "foodcartapp.restaurant", "pk": 1, "fields": {"name": "Star Burger └ЁсрЄ", "address": "╠юёътр, єы. ═ют√щ └ЁсрЄ, 15", "contact_phone": "+7 (967) 157-44-13"}}, {"model": "foodcartapp.restaurant", "pk": 2, "fields": {"name": "Star Burger ╓тхЄэющ", "address": "╠юёътр, ╓тхЄэющ сєы№трЁ, 11ё2", "contact_phone": "+7 (929) 949-55-36"}}, {"model": "foodcartapp.restaurant", "pk": 4, "fields": {"name": "Star Burger ┼тЁюяхщёъшщ", "address": "╠юёътр, яы. ╩шхтёъюую ┬юъчрыр, 2", "contact_phone": "+7 (929) 680-47-58"}}, {"model": "foodcartapp.productcategory", "pk": 1, "fields": {"name": "┴єЁухЁ"}}, {"model": "foodcartapp.productcategory", "pk": 2, "fields": {"name": "╨юыы"}}, {"model": "foodcartapp.product", "pk": 1, "fields": {"name": "╤Єхщъїрєё", "category": 1, "price": "400.00", "image": "steak_bfykMYt.jpg", "special_status": false, "description": "╤Єхщъїрєё Ц ¤Єю ёюўхЄрэшх эр°хщ ЇшЁьхээющ, яЁшуюЄютыхээющ эр юуэх 100% уют фшэ√ ё ыюьЄшърьш схъюэр ш ёюєёюь л┴рЁсхъ■╗, ьрщюэхчюь, ышёЄ№ ьш ётхцхую ёрырЄр, яюьшфюЁюь ш їЁєёЄ ∙шь ыєъюь эр тючфє°эющ сєыюўъх, яюё√ярээющ ъєъєЁєчэющ ъЁю°ъющ."}}, {"model": "foodcartapp.product", "pk": 2, "fields": {"name": "╦юэу ╫шчсєЁухЁ", "category": 1, "price": "219.00", "image": "long_chiz_1eDiGqH.jpg", "special_status": false, "description": "╦юэу ╫шчсєЁухЁ Ц ¤Єрыюэ т ъюыыхъЎшш ўшчсєЁухЁют! ─тр яЁшуюЄютыхээ√ї эр юуэх сшЇ°Єхъёр ё фтєь  ыюьЄшърьш ёыхуър Ёрёяыртыхээюую ё√Ёр, їЁєёЄ ∙шьш юуєЁўшърьш, Ёєсыхэ√ь ыєъюь, уюЁўшЎхщ ш ъхЄўєяюь эр фышээющ яюфЁєь эхээющ сєыюўъх ё ъєэцєЄюь."}}, {"model": "foodcartapp.product", "pk": 3, "fields": {"name": "╥Ёющэющ ┬юяяхЁ", "category": 1, "price": "369.00", "image": "triple_vopper_fFHB81f.jpg", "special_status": false, "description": "┬╬╧╧┼╨о Ч ¤Єю тъєёэхщ°р  яЁшуюЄютыхээр  эр юуэх 100% уют фшэр ё ёюўэ√ьш яюьшфюЁрьш, ётхцшь эрЁхчрээ√ь ышёЄют√ь ёрырЄюь, уєёЄ√ь ьрщюэхчюь, їЁєёЄ ∙шьш ьрЁшэютрээ√ьш юуєЁўшърьш ш ётхцшь ыєъюь эр эхцэющ сєыюўъх ё ъєэцєЄюь."}}, {"model": "foodcartapp.product", "pk": 4, "fields": {"name": "┴хъюэрщчхЁ", "category": 1, "price": "319.00", "image": "beconizer_uwHGjKN.jpg", "special_status": false, "description": "┬ёЄЁхўрщ ёрь√щ тэє°шЄхы№э√щ сєЁухЁ т ъюыыхъЎшш ┴єЁухЁ ╩шэу. ╠эюую ь ёр, ьэюую схъюэр ш ьэюую ё√Ёр - тёх, ъръ Є√ ы■сш°№, ш эшўхую ыш°эхую!"}}, {"model": "foodcartapp.product", "pk": 5, "fields": {"name": "╘ш° ╨юыы", "category": 2, "price": "199.00", "image": "fish_roll_OkiFD1w.jpg", "special_status": false, "description": "═р° эют√щ Ёюыы ё ряяхЄшЄэющ ъюЄыхЄъющ шч Їшых схыющ Ё√с√, ё ЇшЁьхээ√ь ёюєёюь, ьрЁшэютрээ√ьш юуєЁўшърьш ш їЁєёЄ ∙шь ёрырЄюь. ╦хуъюх Ё√сэюх єфютюы№ёЄтшх!"}}, {"model": "foodcartapp.product", "pk": 6, "fields": {"name": "╪Ёшья ╨юыы", "category": 2, "price": "209.00", "image": "shrimp_roll_ZggEmub.jpg", "special_status": false, "description": "╦хуъшщ Ёюыы ё эхцэ√ьш ъюЁюыхтёъшьш ъЁхтхЄърьш т їЁєёЄ ∙хщ ярэшЁютъх, ётхцшщ ёрырЄ └щёсхЁу ш ыюьЄшъ ё√Ёр т я°хэшўэющ ыхях°ъх яюф ЇшЁьхээ√ь ёюєёюь л╩шэу╗. ┬эшьрэшх! ┴ы■фю ёюфхЁцшЄ рыыхЁухэ√ Ц ьюЁхяЁюфєъЄ√."}}, {"model": "foodcartapp.restaurantmenuitem", "pk": 1, "fields": {"restaurant": 1, "product": 1, "availability": true}}, {"model": "foodcartapp.restaurantmenuitem", "pk": 2, "fields": {"restaurant": 2, "product": 1, "availability": false}}, {"model": "foodcartapp.restaurantmenuitem", "pk": 4, "fields": {"restaurant": 1, "product": 2, "availability": false}}, {"model": "foodcartapp.restaurantmenuitem", "pk": 5, "fields": {"restaurant": 2, "product": 2, "availability": false}}, {"model": "foodcartapp.restaurantmenuitem", "pk": 7, "fields": {"restaurant": 1, "product": 3, "availability": false}}, {"model": "foodcartapp.restaurantmenuitem", "pk": 8, "fields": {"restaurant": 2, "product": 3, "availability": false}}, {"model": "foodcartapp.restaurantmenuitem", "pk": 10, "fields": {"restaurant": 1, "product": 4, "availability": true}}, {"model": "foodcartapp.restaurantmenuitem", "pk": 11, "fields": {"restaurant": 2, "product": 4, "availability": false}}, {"model": "foodcartapp.restaurantmenuitem", "pk": 13, "fields": {"restaurant": 1, "product": 5, "availability": false}}, {"model": "foodcartapp.restaurantmenuitem", "pk": 14, "fields": {"restaurant": 2, "product": 5, "availability": true}}, {"model": "foodcartapp.restaurantmenuitem", "pk": 16, "fields": {"restaurant": 1, "product": 6, "availability": false}}, {"model": "foodcartapp.restaurantmenuitem", "pk": 17, "fields": {"restaurant": 2, "product": 6, "availability": true}}, {"model": "foodcartapp.restaurantmenuitem", "pk": 19, "fields": {"restaurant": 4, "product": 1, "availability": false}}, {"model": "foodcartapp.restaurantmenuitem", "pk": 20, "fields": {"restaurant": 4, "product": 2, "availability": true}}, {"model": "foodcartapp.restaurantmenuitem", "pk": 21, "fields": {"restaurant": 4, "product": 3, "availability": true}}, {"model": "foodcartapp.restaurantmenuitem", "pk": 22, "fields": {"restaurant": 4, "product": 4, "availability": false}}, {"model": "foodcartapp.restaurantmenuitem", "pk": 23, "fields": {"restaurant": 4, "product": 5, "availability": true}}, {"model": "foodcartapp.restaurantmenuitem", "pk": 24, "fields": {"restaurant": 4, "product": 6, "availability": true}}, {"model": "foodcartapp.order", "pk": 3, "fields": {"restaurant": null, "address": "╠юёътр", "firstname": "╚трэ", "lastname": "╚трэют", "phonenumber": "+79001233211", "created_at": "2026-01-15T13:47:33.987Z", "called_at": null, "delivered_at": null, "status": "pending", "payment": "cash", "comments": ""}}, {"model": "foodcartapp.order", "pk": 4, "fields": {"restaurant": null, "address": "╠юёътр, єы. ╩Ёрёэр , ф.3 - 126", "firstname": "╠рЁш ", "lastname": "╧хЄЁютр", "phonenumber": "+79045467656", "created_at": "2026-01-15T13:48:50.324Z", "called_at": null, "delivered_at": null, "status": "pending", "payment": "cash", "comments": ""}}, {"model": "foodcartapp.order", "pk": 5, "fields": {"restaurant": null, "address": "ърчрэ№", "firstname": "┬рё ", "lastname": "╧хЄЁют", "phonenumber": "+79006544534", "created_at": "2026-01-16T08:38:46.075Z", "called_at": null, "delivered_at": null, "status": "pending", "payment": "cash", "comments": ""}}, {"model": "foodcartapp.order", "pk": 6, "fields": {"restaurant": null, "address": "╠юёътр, єы. ╧є°ъшэр, ф. 1", "firstname": "╚трэ", "lastname": "╚трэют", "phonenumber": "+79001234567", "created_at": "2026-01-16T08:43:50.266Z", "called_at": null, "delivered_at": null, "status": "pending", "payment": "cash", "comments": ""}}, {"model": "foodcartapp.order", "pk": 7, "fields": {"restaurant": null, "address": "╠юёътр, єы. ╧є°ъшэр", "firstname": "╧єя", "lastname": "╧єяъшэ", "phonenumber": "+79661234567", "created_at": "2026-01-16T08:44:45.165Z", "called_at": null, "delivered_at": null, "status": "pending", "payment": "cash", "comments": ""}}, {"model": "foodcartapp.order", "pk": 8, "fields": {"restaurant": null, "address": "╙Їр", "firstname": "╘хф ", "lastname": "╘хфюЁъшэ", "phonenumber": "+79066544545", "created_at": "2026-01-16T08:45:44.700Z", "called_at": null, "delivered_at": null, "status": "pending", "payment": "cash", "comments": ""}}, {"model": "foodcartapp.order", "pk": 9, "fields": {"restaurant": null, "address": "╠юёътр, єы. ╧є°ъшэр, ф. 1", "firstname": "╚трэ", "lastname": "╚трэют", "phonenumber": "+79001234567", "created_at": "2026-01-16T09:01:57.202Z", "called_at": null, "delivered_at": null, "status": "pending", "payment": "cash", "comments": ""}}, {"model": "foodcartapp.order", "pk": 10, "fields": {"restaurant": null, "address": "╠юёътр", "firstname": "╥рэ ", "lastname": "╠рэ ", "phonenumber": "+79001234567", "created_at": "2026-01-16T09:03:45.048Z", "called_at": null, "delivered_at": null, "status": "pending", "payment": "cash", "comments": ""}}, {"model": "foodcartapp.order", "pk": 11, "fields": {"restaurant": null, "address": "ърър", "firstname": "ю", "lastname": "ю", "phonenumber": "+79007654321", "created_at": "2026-01-16T09:04:38.349Z", "called_at": null, "delivered_at": null, "status": "pending", "payment": "cash", "comments": ""}}, {"model": "foodcartapp.order", "pk": 12, "fields": {"restaurant": null, "address": "╠юёътр", "firstname": "╚трэ", "lastname": "", "phonenumber": "+79291000000", "created_at": "2026-01-16T09:12:35.924Z", "called_at": null, "delivered_at": null, "status": "pending", "payment": "cash", "comments": ""}}, {"model": "foodcartapp.order", "pk": 13, "fields": {"restaurant": null, "address": "╠юёътр", "firstname": "╚трэ", "lastname": "╚трэют", "phonenumber": "+79291000000", "created_at": "2026-01-16T09:13:33.306Z", "called_at": null, "delivered_at": null, "status": "pending", "payment": "cash", "comments": ""}}, {"model": "foodcartapp.order", "pk": 14, "fields": {"restaurant": null, "address": "╠юёътр", "firstname": "╧╨", "lastname": "Ёю", "phonenumber": "+79291000000", "created_at": "2026-01-16T09:15:42.377Z", "called_at": null, "delivered_at": null, "status": "pending", "payment": "cash", "comments": ""}}, {"model": "foodcartapp.order", "pk": 15, "fields": {"restaurant": null, "address": "╠юёътр, ═ют√щ └ЁсрЄ 10", "firstname": "╥шьєЁ", "lastname": "╚трэют", "phonenumber": "", "created_at": "2026-01-16T10:08:27.098Z", "called_at": null, "delivered_at": null, "status": "pending", "payment": "cash", "comments": ""}}, {"model": "foodcartapp.order", "pk": 16, "fields": {"restaurant": null, "address": "╠юёътр, ═ют√щ └ЁсрЄ 10", "firstname": "╥шьєЁ", "lastname": "╚трэют", "phonenumber": "+70000000000", "created_at": "2026-01-16T10:09:47.182Z", "called_at": null, "delivered_at": null, "status": "pending", "payment": "cash", "comments": ""}}, {"model": "foodcartapp.order", "pk": 17, "fields": {"restaurant": null, "address": "╠юёътр", "firstname": "╚трэ", "lastname": "╧хЄЁют", "phonenumber": "+79291000000", "created_at": "2026-01-16T10:10:38.618Z", "called_at": null, "delivered_at": null, "status": "pending", "payment": "cash", "comments": ""}}, {"model": "foodcartapp.order", "pk": 18, "fields": {"restaurant": null, "address": "╠юёътр", "firstname": "[]", "lastname": "╧хЄЁют", "phonenumber": "+79291000000", "created_at": "2026-01-16T10:10:49.268Z", "called_at": null, "delivered_at": null, "status": "pending", "payment": "cash", "comments": ""}}, {"model": "foodcartapp.order", "pk": 19, "fields": {"restaurant": null, "address": "╠юёътр", "firstname": "╚трэ", "lastname": "╧хЄЁют", "phonenumber": "+79291000000", "created_at": "2026-01-16T10:29:07.783Z", "called_at": null, "delivered_at": null, "status": "pending", "payment": "cash", "comments": ""}}, {"model": "foodcartapp.order", "pk": 20, "fields": {"restaurant": null, "address": "╠юёътр, ═ют√щ └ЁсрЄ 10", "firstname": "╥шьєЁ", "lastname": "╚трэют", "phonenumber": "+79000000000", "created_at": "2026-01-16T10:30:47.127Z", "called_at": null, "delivered_at": null, "status": "pending", "payment": "cash", "comments": ""}}, {"model": "foodcartapp.order", "pk": 21, "fields": {"restaurant": null, "address": "╠юёътр, ═ют√щ └ЁсрЄ 10", "firstname": "╥шьєЁ", "lastname": "╚трэют", "phonenumber": "+79000000000", "created_at": "2026-01-16T10:31:13.711Z", "called_at": null, "delivered_at": null, "status": "pending", "payment": "cash", "comments": ""}}, {"model": "foodcartapp.order", "pk": 22, "fields": {"restaurant": null, "address": "єъх", "firstname": "ы", "lastname": "єъх", "phonenumber": "+79000000000", "created_at": "2026-01-16T10:32:14.115Z", "called_at": null, "delivered_at": null, "status": "completed", "payment": "cash", "comments": ""}}, {"model": "foodcartapp.order", "pk": 23, "fields": {"restaurant": null, "address": "єъ", "firstname": "у", "lastname": "х", "phonenumber": "+79007655434", "created_at": "2026-01-16T10:34:42.703Z", "called_at": null, "delivered_at": null, "status": "pending", "payment": "cash", "comments": ""}}, {"model": "foodcartapp.order", "pk": 24, "fields": {"restaurant": null, "address": "╦хэшэр", "firstname": "р", "lastname": "р", "phonenumber": "+79000000000", "created_at": "2026-01-19T10:27:45.017Z", "called_at": null, "delivered_at": null, "status": "pending", "payment": "cash", "comments": ""}}, {"model": "foodcartapp.order", "pk": 25, "fields": {"restaurant": null, "address": "╠юёътр", "firstname": "╚трэ", "lastname": "╧хЄЁют", "phonenumber": "+79291000000", "created_at": "2026-01-19T10:32:28.535Z", "called_at": null, "delivered_at": null, "status": "pending", "payment": "cash", "comments": ""}}, {"model": "foodcartapp.order", "pk": 26, "fields": {"restaurant": null, "address": "╠юёътр", "firstname": "╨", "lastname": "╨", "phonenumber": "+79007655656", "created_at": "2026-01-19T10:33:10.477Z", "called_at": null, "delivered_at": null, "status": "pending", "payment": "cash", "comments": ""}}, {"model": "foodcartapp.order", "pk": 27, "fields": {"restaurant": null, "address": "ьюёътр", "firstname": "╚трэ", "lastname": "╚трэют", "phonenumber": "+79001234567", "created_at": "2026-01-19T10:39:48.231Z", "called_at": null, "delivered_at": null, "status": "pending", "payment": "cash", "comments": ""}}, {"model": "foodcartapp.order", "pk": 28, "fields": {"restaurant": null, "address": "╠юёътр, єы. ╧є°ъшэр, ф. 1", "firstname": "╚трэ", "lastname": "╚трэют", "phonenumber": "+79001234567", "created_at": "2026-01-19T10:44:15.983Z", "called_at": null, "delivered_at": null, "status": "pending", "payment": "cash", "comments": ""}}, {"model": "foodcartapp.order", "pk": 29, "fields": {"restaurant": null, "address": "╠юёътр, єы. ╧є°ъшэр, ф. 1", "firstname": "╚трэ", "lastname": "╚трэют", "phonenumber": "+79001234567", "created_at": "2026-01-19T10:45:27.756Z", "called_at": null, "delivered_at": null, "status": "pending", "payment": "cash", "comments": ""}}, {"model": "foodcartapp.order", "pk": 30, "fields": {"restaurant": 1, "address": "╠юёътр, ═ют√щ └ЁсрЄ 10", "firstname": "╥шьєЁ", "lastname": "╚трэют", "phonenumber": "+79291000000", "created_at": "2026-01-27T10:22:38.005Z", "called_at": null, "delivered_at": null, "status": "assembly", "payment": "cash", "comments": ""}}, {"model": "foodcartapp.order", "pk": 31, "fields": {"restaurant": null, "address": "╠юёътр, ═ют√щ └ЁсрЄ 10", "firstname": "Nfyz", "lastname": "Ghgh", "phonenumber": "+79291000770", "created_at": "2026-01-27T10:25:31.893Z", "called_at": null, "delivered_at": null, "status": "pending", "payment": "cash", "comments": ""}}, {"model": "foodcartapp.order", "pk": 32, "fields": {"restaurant": 1, "address": "╠юёътр", "firstname": "╠рЁєё ", "lastname": "╠р°р", "phonenumber": "+79291004444", "created_at": "2026-01-27T10:27:10.307Z", "called_at": null, "delivered_at": null, "status": "assembly", "payment": "cash", "comments": "┴хч ыєър!! ┴хч ьюЁъютш"}}, {"model": "foodcartapp.order", "pk": 33, "fields": {"restaurant": null, "address": "╠юёътр, єы. ╧є°ъшэр, ф. 1", "firstname": "╠рЁєё ", "lastname": "╚трэют", "phonenumber": "+79001234567", "created_at": "2026-01-27T10:31:05.147Z", "called_at": null, "delivered_at": null, "status": "pending", "payment": "cash", "comments": ""}}, {"model": "foodcartapp.order", "pk": 34, "fields": {"restaurant": null, "address": "╦юэфюэ", "firstname": "┬рёшышщ", "lastname": "┬рёшы№хтшў", "phonenumber": "+79123456789", "created_at": "2026-01-27T10:32:21.517Z", "called_at": null, "delivered_at": null, "status": "delivery", "payment": "cash", "comments": ""}}, {"model": "foodcartapp.order", "pk": 35, "fields": {"restaurant": 1, "address": "єЇр", "firstname": "┬рё ", "lastname": "╧єяъшэ", "phonenumber": "+79009997777", "created_at": "2026-01-28T07:50:01.668Z", "called_at": null, "delivered_at": null, "status": "assembly", "payment": "card", "comments": ""}}, {"model": "foodcartapp.order", "pk": 36, "fields": {"restaurant": null, "address": "╩Ёрёэр ", "firstname": "ЄхёЄ2", "lastname": "ЄхёЄ", "phonenumber": "+79008007070", "created_at": "2026-01-28T10:00:26.627Z", "called_at": null, "delivered_at": null, "status": "completed", "payment": "cash", "comments": ""}}, {"model": "foodcartapp.order", "pk": 37, "fields": {"restaurant": null, "address": "╠юёътр, єы. ╧є°ъшэр, ф. 2", "firstname": "╚трэ", "lastname": "╚трэют", "phonenumber": "+79001234567", "created_at": "2026-01-29T06:41:26.453Z", "called_at": null, "delivered_at": null, "status": "completed", "payment": "cash", "comments": "┴хч юуєЁЎют!!"}}, {"model": "foodcartapp.order", "pk": 38, "fields": {"restaurant": null, "address": "╠юёътр, єы. ╧є°ъшэр, ф. 1", "firstname": "╚трэ", "lastname": "╚трэют", "phonenumber": "+79001234567", "created_at": "2026-01-29T10:29:54.006Z", "called_at": null, "delivered_at": null, "status": "pending", "payment": "cash", "comments": ""}}, {"model": "foodcartapp.order", "pk": 39, "fields": {"restaurant": null, "address": "╠юёътр, єы. ╧є°ъшэр, ф. 1", "firstname": "╚трэ", "lastname": "╚трэют", "phonenumber": "+79001234567", "created_at": "2026-01-29T10:35:46.313Z", "called_at": null, "delivered_at": null, "status": "pending", "payment": "cash", "comments": ""}}, {"model": "foodcartapp.order", "pk": 40, "fields": {"restaurant": null, "address": "╠юёътр, єы. ╧є°ъшэр, ф. 1", "firstname": "╚трэ", "lastname": "╚трэют", "phonenumber": "+79001234567", "created_at": "2026-01-29T10:35:56.367Z", "called_at": null, "delivered_at": null, "status": "pending", "payment": "card", "comments": ""}}, {"model": "foodcartapp.order", "pk": 41, "fields": {"restaurant": null, "address": "tghgh", "firstname": "ntcn", "lastname": "jnj", "phonenumber": "+79006677777", "created_at": "2026-01-29T11:06:24.446Z", "called_at": "2026-01-30T06:42:43Z", "delivered_at": "2026-01-30T06:43:08Z", "status": "completed", "payment": "cash", "comments": ""}}, {"model": "foodcartapp.order", "pk": 42, "fields": {"restaurant": 4, "address": "twtwet", "firstname": "fhdfgdf", "lastname": "fdhasfha", "phonenumber": "+79555555555", "created_at": "2026-01-29T11:12:39.007Z", "called_at": null, "delivered_at": null, "status": "assembly", "payment": "cash", "comments": ""}}, {"model": "foodcartapp.order", "pk": 43, "fields": {"restaurant": 4, "address": "╩ряррюЁю", "firstname": "╨юЁюЁ", "lastname": "╨╬╨╧Ёюяю", "phonenumber": "+79003333333", "created_at": "2026-01-29T11:18:28.896Z", "called_at": null, "delivered_at": null, "status": "pending", "payment": "card", "comments": ""}}, {"model": "foodcartapp.order", "pk": 44, "fields": {"restaurant": 1, "address": "ЄхёЄ5", "firstname": "ЄхёЄ5", "lastname": "ЄхёЄ5", "phonenumber": "+79007775555", "created_at": "2026-01-30T07:58:39.624Z", "called_at": null, "delivered_at": null, "status": "completed", "payment": "card", "comments": ""}}, {"model": "foodcartapp.order", "pk": 45, "fields": {"restaurant": 4, "address": "ЄхёЄ6", "firstname": "ЄхёЄ6", "lastname": "ЄхёЄ6", "phonenumber": "+79005555555", "created_at": "2026-01-30T08:16:39.880Z", "called_at": null, "delivered_at": null, "status": "assembly", "payment": "card", "comments": ""}}, {"model": "foodcartapp.order", "pk": 47, "fields": {"restaurant": 2, "address": "ъЁрёэр  яыю∙рф№", "firstname": "ЄхёЄ7", "lastname": "ЄхёЄ7", "phonenumber": "+79004443333", "created_at": "2026-01-30T10:05:08.042Z", "called_at": null, "delivered_at": null, "status": "assembly", "payment": "cash", "comments": ""}}, {"model": "foodcartapp.order", "pk": 48, "fields": {"restaurant": 4, "address": "└ЁсрЄ", "firstname": "ЄхёЄ9", "lastname": "ЄхёЄ9", "phonenumber": "+79003332222", "created_at": "2026-01-30T10:07:57.434Z", "called_at": null, "delivered_at": null, "status": "assembly", "payment": "cash", "comments": ""}}, {"model": "foodcartapp.order", "pk": 49, "fields": {"restaurant": 2, "address": "ъЁрёэр ", "firstname": "ЄхёЄ10", "lastname": "ЄхёЄ10", "phonenumber": "+79003332222", "created_at": "2026-01-30T10:28:14.601Z", "called_at": null, "delivered_at": null, "status": "assembly", "payment": "card", "comments": ""}}, {"model": "foodcartapp.order", "pk": 50, "fields": {"restaurant": 2, "address": "сєы№трЁ", "firstname": "ЄхёЄ11", "lastname": "ЄхёЄ11", "phonenumber": "+79002221111", "created_at": "2026-01-30T10:51:21.306Z", "called_at": null, "delivered_at": null, "status": "assembly", "payment": "card", "comments": ""}}, {"model": "foodcartapp.order", "pk": 51, "fields": {"restaurant": 1, "address": "ыюьюэюьютр, ф. 3", "firstname": "ЄхёЄ12", "lastname": "ЄхёЄ12", "phonenumber": "+79003335555", "created_at": "2026-01-30T11:17:57.140Z", "called_at": null, "delivered_at": null, "status": "assembly", "payment": "cash", "comments": ""}}, {"model": "foodcartapp.order", "pk": 52, "fields": {"restaurant": 2, "address": "╔ю°ърЁ-юыр", "firstname": "ntcn 15", "lastname": "ntcn 15", "phonenumber": "+79007778888", "created_at": "2026-01-30T11:26:14.176Z", "called_at": null, "delivered_at": null, "status": "assembly", "payment": "cash", "comments": ""}}, {"model": "foodcartapp.order", "pk": 53, "fields": {"restaurant": null, "address": "╦юэфюэ", "firstname": "┬рёшышщ", "lastname": "┬рёшы№хтшў", "phonenumber": "+79123456789", "created_at": "2026-02-03T07:21:49.870Z", "called_at": null, "delivered_at": null, "status": "completed", "payment": "cash", "comments": ""}}, {"model": "foodcartapp.order", "pk": 54, "fields": {"restaurant": 4, "address": "Є", "firstname": "Є", "lastname": "Є", "phonenumber": "+79995554433", "created_at": "2026-02-03T07:35:03.992Z", "called_at": null, "delivered_at": null, "status": "assembly", "payment": "cash", "comments": ""}}, {"model": "foodcartapp.orderitem", "pk": 6, "fields": {"order": 3, "product": 1, "quantity": 2, "price": "269.00"}}, {"model": "foodcartapp.orderitem", "pk": 7, "fields": {"order": 3, "product": 5, "quantity": 1, "price": "199.00"}}, {"model": "foodcartapp.orderitem", "pk": 8, "fields": {"order": 3, "product": 3, "quantity": 1, "price": "369.00"}}, {"model": "foodcartapp.orderitem", "pk": 9, "fields": {"order": 4, "product": 1, "quantity": 1, "price": "269.00"}}, {"model": "foodcartapp.orderitem", "pk": 10, "fields": {"order": 4, "product": 4, "quantity": 1, "price": "319.00"}}, {"model": "foodcartapp.orderitem", "pk": 11, "fields": {"order": 4, "product": 6, "quantity": 3, "price": "209.00"}}, {"model": "foodcartapp.orderitem", "pk": 12, "fields": {"order": 5, "product": 1, "quantity": 1, "price": "269.00"}}, {"model": "foodcartapp.orderitem", "pk": 13, "fields": {"order": 6, "product": 1, "quantity": 2, "price": "269.00"}}, {"model": "foodcartapp.orderitem", "pk": 14, "fields": {"order": 6, "product": 3, "quantity": 1, "price": "369.00"}}, {"model": "foodcartapp.orderitem", "pk": 15, "fields": {"order": 7, "product": 1, "quantity": 2, "price": "269.00"}}, {"model": "foodcartapp.orderitem", "pk": 16, "fields": {"order": 7, "product": 3, "quantity": 1, "price": "369.00"}}, {"model": "foodcartapp.orderitem", "pk": 17, "fields": {"order": 8, "product": 2, "quantity": 10, "price": "219.00"}}, {"model": "foodcartapp.orderitem", "pk": 18, "fields": {"order": 9, "product": 3, "quantity": 1, "price": "369.00"}}, {"model": "foodcartapp.orderitem", "pk": 19, "fields": {"order": 11, "product": 1, "quantity": 1, "price": "269.00"}}, {"model": "foodcartapp.orderitem", "pk": 20, "fields": {"order": 12, "product": 1, "quantity": 1, "price": "269.00"}}, {"model": "foodcartapp.orderitem", "pk": 21, "fields": {"order": 13, "product": 1, "quantity": 1, "price": "269.00"}}, {"model": "foodcartapp.orderitem", "pk": 22, "fields": {"order": 14, "product": 1, "quantity": 1, "price": "269.00"}}, {"model": "foodcartapp.orderitem", "pk": 23, "fields": {"order": 15, "product": 1, "quantity": 1, "price": "269.00"}}, {"model": "foodcartapp.orderitem", "pk": 24, "fields": {"order": 16, "product": 1, "quantity": 1, "price": "269.00"}}, {"model": "foodcartapp.orderitem", "pk": 25, "fields": {"order": 18, "product": 1, "quantity": 1, "price": "269.00"}}, {"model": "foodcartapp.orderitem", "pk": 26, "fields": {"order": 20, "product": 1, "quantity": 1, "price": "269.00"}}, {"model": "foodcartapp.orderitem", "pk": 27, "fields": {"order": 21, "product": 1, "quantity": 1, "price": "269.00"}}, {"model": "foodcartapp.orderitem", "pk": 28, "fields": {"order": 22, "product": 2, "quantity": 1, "price": "219.00"}}, {"model": "foodcartapp.orderitem", "pk": 29, "fields": {"order": 23, "product": 3, "quantity": 1, "price": "369.00"}}, {"model": "foodcartapp.orderitem", "pk": 30, "fields": {"order": 24, "product": 1, "quantity": 1, "price": "269.00"}}, {"model": "foodcartapp.orderitem", "pk": 31, "fields": {"order": 25, "product": 1, "quantity": 1, "price": "269.00"}}, {"model": "foodcartapp.orderitem", "pk": 32, "fields": {"order": 26, "product": 1, "quantity": 1, "price": "269.00"}}, {"model": "foodcartapp.orderitem", "pk": 33, "fields": {"order": 26, "product": 2, "quantity": 1, "price": "219.00"}}, {"model": "foodcartapp.orderitem", "pk": 34, "fields": {"order": 26, "product": 3, "quantity": 1, "price": "369.00"}}, {"model": "foodcartapp.orderitem", "pk": 35, "fields": {"order": 27, "product": 1, "quantity": 2, "price": "269.00"}}, {"model": "foodcartapp.orderitem", "pk": 36, "fields": {"order": 27, "product": 3, "quantity": 1, "price": "369.00"}}, {"model": "foodcartapp.orderitem", "pk": 37, "fields": {"order": 28, "product": 1, "quantity": 2, "price": "269.00"}}, {"model": "foodcartapp.orderitem", "pk": 38, "fields": {"order": 28, "product": 3, "quantity": 1, "price": "369.00"}}, {"model": "foodcartapp.orderitem", "pk": 39, "fields": {"order": 29, "product": 1, "quantity": 2, "price": "269.00"}}, {"model": "foodcartapp.orderitem", "pk": 40, "fields": {"order": 29, "product": 3, "quantity": 1, "price": "369.00"}}, {"model": "foodcartapp.orderitem", "pk": 41, "fields": {"order": 30, "product": 1, "quantity": 1, "price": "269.00"}}, {"model": "foodcartapp.orderitem", "pk": 42, "fields": {"order": 31, "product": 1, "quantity": 1, "price": "269.00"}}, {"model": "foodcartapp.orderitem", "pk": 43, "fields": {"order": 32, "product": 1, "quantity": 1, "price": "269.00"}}, {"model": "foodcartapp.orderitem", "pk": 44, "fields": {"order": 33, "product": 1, "quantity": 2, "price": "269.00"}}, {"model": "foodcartapp.orderitem", "pk": 45, "fields": {"order": 33, "product": 3, "quantity": 1, "price": "369.00"}}, {"model": "foodcartapp.orderitem", "pk": 46, "fields": {"order": 34, "product": 1, "quantity": 1, "price": "269.00"}}, {"model": "foodcartapp.orderitem", "pk": 47, "fields": {"order": 35, "product": 1, "quantity": 2, "price": "269.00"}}, {"model": "foodcartapp.orderitem", "pk": 48, "fields": {"order": 36, "product": 1, "quantity": 1, "price": "350.00"}}, {"model": "foodcartapp.orderitem", "pk": 49, "fields": {"order": 37, "product": 4, "quantity": 2, "price": "400.00"}}, {"model": "foodcartapp.orderitem", "pk": 50, "fields": {"order": 37, "product": 3, "quantity": 1, "price": "369.00"}}, {"model": "foodcartapp.orderitem", "pk": 53, "fields": {"order": 38, "product": 1, "quantity": 2, "price": "400.00"}}, {"model": "foodcartapp.orderitem", "pk": 54, "fields": {"order": 38, "product": 3, "quantity": 1, "price": "369.00"}}, {"model": "foodcartapp.orderitem", "pk": 55, "fields": {"order": 39, "product": 1, "quantity": 2, "price": "400.00"}}, {"model": "foodcartapp.orderitem", "pk": 56, "fields": {"order": 39, "product": 3, "quantity": 1, "price": "369.00"}}, {"model": "foodcartapp.orderitem", "pk": 57, "fields": {"order": 40, "product": 1, "quantity": 2, "price": "400.00"}}, {"model": "foodcartapp.orderitem", "pk": 58, "fields": {"order": 40, "product": 3, "quantity": 1, "price": "369.00"}}, {"model": "foodcartapp.orderitem", "pk": 59, "fields": {"order": 41, "product": 1, "quantity": 1, "price": "400.00"}}, {"model": "foodcartapp.orderitem", "pk": 60, "fields": {"order": 42, "product": 2, "quantity": 1, "price": "219.00"}}, {"model": "foodcartapp.orderitem", "pk": 61, "fields": {"order": 43, "product": 2, "quantity": 1, "price": "219.00"}}, {"model": "foodcartapp.orderitem", "pk": 62, "fields": {"order": 44, "product": 1, "quantity": 1, "price": "400.00"}}, {"model": "foodcartapp.orderitem", "pk": 63, "fields": {"order": 44, "product": 4, "quantity": 1, "price": "319.00"}}, {"model": "foodcartapp.orderitem", "pk": 64, "fields": {"order": 45, "product": 5, "quantity": 1, "price": "199.00"}}, {"model": "foodcartapp.orderitem", "pk": 65, "fields": {"order": 45, "product": 6, "quantity": 1, "price": "209.00"}}, {"model": "foodcartapp.orderitem", "pk": 68, "fields": {"order": 47, "product": 5, "quantity": 1, "price": "199.00"}}, {"model": "foodcartapp.orderitem", "pk": 69, "fields": {"order": 48, "product": 6, "quantity": 1, "price": "209.00"}}, {"model": "foodcartapp.orderitem", "pk": 70, "fields": {"order": 49, "product": 6, "quantity": 1, "price": "209.00"}}, {"model": "foodcartapp.orderitem", "pk": 71, "fields": {"order": 50, "product": 6, "quantity": 1, "price": "209.00"}}, {"model": "foodcartapp.orderitem", "pk": 72, "fields": {"order": 51, "product": 1, "quantity": 1, "price": "400.00"}}, {"model": "foodcartapp.orderitem", "pk": 73, "fields": {"order": 52, "product": 6, "quantity": 1, "price": "209.00"}}, {"model": "foodcartapp.orderitem", "pk": 74, "fields": {"order": 53, "product": 1, "quantity": 1, "price": "400.00"}}, {"model": "foodcartapp.orderitem", "pk": 75, "fields": {"order": 54, "product": 3, "quantity": 1, "price": "369.00"}}, {"model": "admin.logentry", "pk": 1, "fields": {"action_time": "2026-01-15T13:30:49.763Z", "user": 1, "content_type": 4, "object_id": "1", "object_repr": "Star Burger └ЁсрЄ", "action_flag": 1, "change_message": "[{\"added\": {}}]"}}, {"model": "admin.logentry", "pk": 2, "fields": {"action_time": "2026-01-15T13:31:08.013Z", "user": 1, "content_type": 4, "object_id": "2", "object_repr": "Star Burger ╓тхЄэющ", "action_flag": 1, "change_message": "[{\"added\": {}}]"}}, {"model": "admin.logentry", "pk": 3, "fields": {"action_time": "2026-01-15T13:31:21.532Z", "user": 1, "content_type": 4, "object_id": "3", "object_repr": "Star Burger ┼тЁюяхщёъшщ", "action_flag": 1, "change_message": "[{\"added\": {}}]"}}, {"model": "admin.logentry", "pk": 4, "fields": {"action_time": "2026-01-15T13:31:53.816Z", "user": 1, "content_type": 3, "object_id": "1", "object_repr": "┴єЁухЁ", "action_flag": 1, "change_message": "[{\"added\": {}}]"}}, {"model": "admin.logentry", "pk": 5, "fields": {"action_time": "2026-01-15T13:31:58.911Z", "user": 1, "content_type": 3, "object_id": "2", "object_repr": "╨юыы", "action_flag": 1, "change_message": "[{\"added\": {}}]"}}, {"model": "admin.logentry", "pk": 6, "fields": {"action_time": "2026-01-15T13:33:21.886Z", "user": 1, "content_type": 2, "object_id": "1", "object_repr": "╤Єхщъїрєё", "action_flag": 1, "change_message": "[{\"added\": {}}, {\"added\": {\"name\": \"\\u043f\\u0443\\u043d\\u043a\\u0442 \\u043c\\u0435\\u043d\\u044e \\u0440\\u0435\\u0441\\u0442\\u043e\\u0440\\u0430\\u043d\\u0430\", \"object\": \"Star Burger \\u0410\\u0440\\u0431\\u0430\\u0442 - \\u0421\\u0442\\u0435\\u0439\\u043a\\u0445\\u0430\\u0443\\u0441\"}}, {\"added\": {\"name\": \"\\u043f\\u0443\\u043d\\u043a\\u0442 \\u043c\\u0435\\u043d\\u044e \\u0440\\u0435\\u0441\\u0442\\u043e\\u0440\\u0430\\u043d\\u0430\", \"object\": \"Star Burger \\u0426\\u0432\\u0435\\u0442\\u043d\\u043e\\u0439 - \\u0421\\u0442\\u0435\\u0439\\u043a\\u0445\\u0430\\u0443\\u0441\"}}, {\"added\": {\"name\": \"\\u043f\\u0443\\u043d\\u043a\\u0442 \\u043c\\u0435\\u043d\\u044e \\u0440\\u0435\\u0441\\u0442\\u043e\\u0440\\u0430\\u043d\\u0430\", \"object\": \"Star Burger \\u0415\\u0432\\u0440\\u043e\\u043f\\u0435\\u0439\\u0441\\u043a\\u0438\\u0439 - \\u0421\\u0442\\u0435\\u0439\\u043a\\u0445\\u0430\\u0443\\u0441\"}}]"}}, {"model": "admin.logentry", "pk": 7, "fields": {"action_time": "2026-01-15T13:34:13.001Z", "user": 1, "content_type": 2, "object_id": "2", "object_repr": "╦юэу ╫шчсєЁухЁ", "action_flag": 1, "change_message": "[{\"added\": {}}, {\"added\": {\"name\": \"\\u043f\\u0443\\u043d\\u043a\\u0442 \\u043c\\u0435\\u043d\\u044e \\u0440\\u0435\\u0441\\u0442\\u043e\\u0440\\u0430\\u043d\\u0430\", \"object\": \"Star Burger \\u0410\\u0440\\u0431\\u0430\\u0442 - \\u041b\\u043e\\u043d\\u0433 \\u0427\\u0438\\u0437\\u0431\\u0443\\u0440\\u0433\\u0435\\u0440\"}}, {\"added\": {\"name\": \"\\u043f\\u0443\\u043d\\u043a\\u0442 \\u043c\\u0435\\u043d\\u044e \\u0440\\u0435\\u0441\\u0442\\u043e\\u0440\\u0430\\u043d\\u0430\", \"object\": \"Star Burger \\u0426\\u0432\\u0435\\u0442\\u043d\\u043e\\u0439 - \\u041b\\u043e\\u043d\\u0433 \\u0427\\u0438\\u0437\\u0431\\u0443\\u0440\\u0433\\u0435\\u0440\"}}, {\"added\": {\"name\": \"\\u043f\\u0443\\u043d\\u043a\\u0442 \\u043c\\u0435\\u043d\\u044e \\u0440\\u0435\\u0441\\u0442\\u043e\\u0440\\u0430\\u043d\\u0430\", \"object\": \"Star Burger \\u0415\\u0432\\u0440\\u043e\\u043f\\u0435\\u0439\\u0441\\u043a\\u0438\\u0439 - \\u041b\\u043e\\u043d\\u0433 \\u0427\\u0438\\u0437\\u0431\\u0443\\u0440\\u0433\\u0435\\u0440\"}}]"}}, {"model": "admin.logentry", "pk": 8, "fields": {"action_time": "2026-01-15T13:34:51.796Z", "user": 1, "content_type": 2, "object_id": "3", "object_repr": "╥Ёющэющ ┬юяяхЁ", "action_flag": 1, "change_message": "[{\"added\": {}}, {\"added\": {\"name\": \"\\u043f\\u0443\\u043d\\u043a\\u0442 \\u043c\\u0435\\u043d\\u044e \\u0440\\u0435\\u0441\\u0442\\u043e\\u0440\\u0430\\u043d\\u0430\", \"object\": \"Star Burger \\u0410\\u0440\\u0431\\u0430\\u0442 - \\u0422\\u0440\\u043e\\u0439\\u043d\\u043e\\u0439 \\u0412\\u043e\\u043f\\u043f\\u0435\\u0440\"}}, {\"added\": {\"name\": \"\\u043f\\u0443\\u043d\\u043a\\u0442 \\u043c\\u0435\\u043d\\u044e \\u0440\\u0435\\u0441\\u0442\\u043e\\u0440\\u0430\\u043d\\u0430\", \"object\": \"Star Burger \\u0426\\u0432\\u0435\\u0442\\u043d\\u043e\\u0439 - \\u0422\\u0440\\u043e\\u0439\\u043d\\u043e\\u0439 \\u0412\\u043e\\u043f\\u043f\\u0435\\u0440\"}}, {\"added\": {\"name\": \"\\u043f\\u0443\\u043d\\u043a\\u0442 \\u043c\\u0435\\u043d\\u044e \\u0440\\u0435\\u0441\\u0442\\u043e\\u0440\\u0430\\u043d\\u0430\", \"object\": \"Star Burger \\u0415\\u0432\\u0440\\u043e\\u043f\\u0435\\u0439\\u0441\\u043a\\u0438\\u0439 - \\u0422\\u0440\\u043e\\u0439\\u043d\\u043e\\u0439 \\u0412\\u043e\\u043f\\u043f\\u0435\\u0440\"}}]"}}, {"model": "admin.logentry", "pk": 9, "fields": {"action_time": "2026-01-15T13:35:24.512Z", "user": 1, "content_type": 2, "object_id": "4", "object_repr": "┴хъюэрщчхЁ", "action_flag": 1, "change_message": "[{\"added\": {}}, {\"added\": {\"name\": \"\\u043f\\u0443\\u043d\\u043a\\u0442 \\u043c\\u0435\\u043d\\u044e \\u0440\\u0435\\u0441\\u0442\\u043e\\u0440\\u0430\\u043d\\u0430\", \"object\": \"Star Burger \\u0410\\u0440\\u0431\\u0430\\u0442 - \\u0411\\u0435\\u043a\\u043e\\u043d\\u0430\\u0439\\u0437\\u0435\\u0440\"}}, {\"added\": {\"name\": \"\\u043f\\u0443\\u043d\\u043a\\u0442 \\u043c\\u0435\\u043d\\u044e \\u0440\\u0435\\u0441\\u0442\\u043e\\u0440\\u0430\\u043d\\u0430\", \"object\": \"Star Burger \\u0426\\u0432\\u0435\\u0442\\u043d\\u043e\\u0439 - \\u0411\\u0435\\u043a\\u043e\\u043d\\u0430\\u0439\\u0437\\u0435\\u0440\"}}, {\"added\": {\"name\": \"\\u043f\\u0443\\u043d\\u043a\\u0442 \\u043c\\u0435\\u043d\\u044e \\u0440\\u0435\\u0441\\u0442\\u043e\\u0440\\u0430\\u043d\\u0430\", \"object\": \"Star Burger \\u0415\\u0432\\u0440\\u043e\\u043f\\u0435\\u0439\\u0441\\u043a\\u0438\\u0439 - \\u0411\\u0435\\u043a\\u043e\\u043d\\u0430\\u0439\\u0437\\u0435\\u0440\"}}]"}}, {"model": "admin.logentry", "pk": 10, "fields": {"action_time": "2026-01-15T13:36:05.064Z", "user": 1, "content_type": 2, "object_id": "5", "object_repr": "╘ш° ╨юыы", "action_flag": 1, "change_message": "[{\"added\": {}}, {\"added\": {\"name\": \"\\u043f\\u0443\\u043d\\u043a\\u0442 \\u043c\\u0435\\u043d\\u044e \\u0440\\u0435\\u0441\\u0442\\u043e\\u0440\\u0430\\u043d\\u0430\", \"object\": \"Star Burger \\u0410\\u0440\\u0431\\u0430\\u0442 - \\u0424\\u0438\\u0448 \\u0420\\u043e\\u043b\\u043b\"}}, {\"added\": {\"name\": \"\\u043f\\u0443\\u043d\\u043a\\u0442 \\u043c\\u0435\\u043d\\u044e \\u0440\\u0435\\u0441\\u0442\\u043e\\u0440\\u0430\\u043d\\u0430\", \"object\": \"Star Burger \\u0426\\u0432\\u0435\\u0442\\u043d\\u043e\\u0439 - \\u0424\\u0438\\u0448 \\u0420\\u043e\\u043b\\u043b\"}}, {\"added\": {\"name\": \"\\u043f\\u0443\\u043d\\u043a\\u0442 \\u043c\\u0435\\u043d\\u044e \\u0440\\u0435\\u0441\\u0442\\u043e\\u0440\\u0430\\u043d\\u0430\", \"object\": \"Star Burger \\u0415\\u0432\\u0440\\u043e\\u043f\\u0435\\u0439\\u0441\\u043a\\u0438\\u0439 - \\u0424\\u0438\\u0448 \\u0420\\u043e\\u043b\\u043b\"}}]"}}, {"model": "admin.logentry", "pk": 11, "fields": {"action_time": "2026-01-15T13:36:40.567Z", "user": 1, "content_type": 2, "object_id": "6", "object_repr": "╪Ёшья ╨юыы", "action_flag": 1, "change_message": "[{\"added\": {}}, {\"added\": {\"name\": \"\\u043f\\u0443\\u043d\\u043a\\u0442 \\u043c\\u0435\\u043d\\u044e \\u0440\\u0435\\u0441\\u0442\\u043e\\u0440\\u0430\\u043d\\u0430\", \"object\": \"Star Burger \\u0410\\u0440\\u0431\\u0430\\u0442 - \\u0428\\u0440\\u0438\\u043c\\u043f \\u0420\\u043e\\u043b\\u043b\"}}, {\"added\": {\"name\": \"\\u043f\\u0443\\u043d\\u043a\\u0442 \\u043c\\u0435\\u043d\\u044e \\u0440\\u0435\\u0441\\u0442\\u043e\\u0440\\u0430\\u043d\\u0430\", \"object\": \"Star Burger \\u0426\\u0432\\u0435\\u0442\\u043d\\u043e\\u0439 - \\u0428\\u0440\\u0438\\u043c\\u043f \\u0420\\u043e\\u043b\\u043b\"}}, {\"added\": {\"name\": \"\\u043f\\u0443\\u043d\\u043a\\u0442 \\u043c\\u0435\\u043d\\u044e \\u0440\\u0435\\u0441\\u0442\\u043e\\u0440\\u0430\\u043d\\u0430\", \"object\": \"Star Burger \\u0415\\u0432\\u0440\\u043e\\u043f\\u0435\\u0439\\u0441\\u043a\\u0438\\u0439 - \\u0428\\u0440\\u0438\\u043c\\u043f \\u0420\\u043e\\u043b\\u043b\"}}]"}}, {"model": "admin.logentry", "pk": 12, "fields": {"action_time": "2026-01-15T13:46:44.749Z", "user": 1, "content_type": 1, "object_id": "1", "object_repr": "╟рърч ╣1 юЄ ╚трэ", "action_flag": 3, "change_message": ""}}, {"model": "admin.logentry", "pk": 13, "fields": {"action_time": "2026-01-15T13:46:55.661Z", "user": 1, "content_type": 1, "object_id": "2", "object_repr": "╟рърч ╣2 юЄ ╬ы№ур", "action_flag": 3, "change_message": ""}}, {"model": "admin.logentry", "pk": 14, "fields": {"action_time": "2026-01-28T09:59:02.599Z", "user": 1, "content_type": 2, "object_id": "1", "object_repr": "╤Єхщъїрєё", "action_flag": 2, "change_message": "[{\"changed\": {\"fields\": [\"\\u0426\\u0435\\u043d\\u0430\"]}}]"}}, {"model": "admin.logentry", "pk": 15, "fields": {"action_time": "2026-01-28T10:01:05.599Z", "user": 1, "content_type": 2, "object_id": "1", "object_repr": "╤Єхщъїрєё", "action_flag": 2, "change_message": "[{\"changed\": {\"fields\": [\"\\u0426\\u0435\\u043d\\u0430\"]}}]"}}, {"model": "admin.logentry", "pk": 16, "fields": {"action_time": "2026-01-28T10:01:47.187Z", "user": 1, "content_type": 1, "object_id": "36", "object_repr": "╟рърч ╣36 юЄ ЄхёЄ2", "action_flag": 2, "change_message": "[{\"changed\": {\"fields\": [\"\\u0418\\u043c\\u044f\"]}}]"}}, {"model": "admin.logentry", "pk": 17, "fields": {"action_time": "2026-01-28T10:08:00.536Z", "user": 1, "content_type": 2, "object_id": "1", "object_repr": "╤Єхщъїрєё", "action_flag": 2, "change_message": "[{\"changed\": {\"fields\": [\"\\u0426\\u0435\\u043d\\u0430\"]}}]"}}, {"model": "admin.logentry", "pk": 18, "fields": {"action_time": "2026-01-28T10:08:13.912Z", "user": 1, "content_type": 2, "object_id": "1", "object_repr": "╤Єхщъїрєё", "action_flag": 2, "change_message": "[{\"changed\": {\"fields\": [\"\\u0426\\u0435\\u043d\\u0430\"]}}]"}}, {"model": "admin.logentry", "pk": 19, "fields": {"action_time": "2026-01-28T10:08:18.419Z", "user": 1, "content_type": 2, "object_id": "1", "object_repr": "╤Єхщъїрєё", "action_flag": 2, "change_message": "[{\"changed\": {\"fields\": [\"\\u0426\\u0435\\u043d\\u0430\"]}}]"}}, {"model": "admin.logentry", "pk": 20, "fields": {"action_time": "2026-01-28T10:08:30.231Z", "user": 1, "content_type": 2, "object_id": "1", "object_repr": "╤Єхщъїрєё", "action_flag": 2, "change_message": "[{\"changed\": {\"fields\": [\"\\u0426\\u0435\\u043d\\u0430\"]}}]"}}, {"model": "admin.logentry", "pk": 21, "fields": {"action_time": "2026-01-28T10:12:31.696Z", "user": 1, "content_type": 2, "object_id": "1", "object_repr": "╤Єхщъїрєё", "action_flag": 2, "change_message": "[{\"changed\": {\"fields\": [\"\\u0426\\u0435\\u043d\\u0430\"]}}]"}}, {"model": "admin.logentry", "pk": 22, "fields": {"action_time": "2026-01-28T11:04:47.244Z", "user": 1, "content_type": 1, "object_id": "36", "object_repr": "╟рърч ╣36 юЄ ЄхёЄ2", "action_flag": 2, "change_message": "[{\"changed\": {\"name\": \"\\u041f\\u043e\\u0437\\u0438\\u0446\\u0438\\u044f \\u0437\\u0430\\u043a\\u0430\\u0437\\u0430\", \"object\": \"\\u0421\\u0442\\u0435\\u0439\\u043a\\u0445\\u0430\\u0443\\u0441 x 1\", \"fields\": [\"\\u0426\\u0435\\u043d\\u0430 \\u043d\\u0430 \\u043c\\u043e\\u043c\\u0435\\u043d\\u0442 \\u0437\\u0430\\u043a\\u0430\\u0437\\u0430\"]}}]"}}, {"model": "admin.logentry", "pk": 23, "fields": {"action_time": "2026-01-28T11:05:28.271Z", "user": 1, "content_type": 2, "object_id": "1", "object_repr": "╤Єхщъїрєё", "action_flag": 2, "change_message": "[{\"changed\": {\"fields\": [\"\\u0426\\u0435\\u043d\\u0430\"]}}]"}}, {"model": "admin.logentry", "pk": 24, "fields": {"action_time": "2026-01-28T11:06:26.700Z", "user": 1, "content_type": 2, "object_id": "1", "object_repr": "╤Єхщъїрєё", "action_flag": 2, "change_message": "[{\"changed\": {\"fields\": [\"\\u0426\\u0435\\u043d\\u0430\"]}}]"}}, {"model": "admin.logentry", "pk": 25, "fields": {"action_time": "2026-01-28T11:07:01.180Z", "user": 1, "content_type": 1, "object_id": "36", "object_repr": "╟рърч ╣36 юЄ ЄхёЄ2", "action_flag": 2, "change_message": "[{\"changed\": {\"name\": \"\\u041f\\u043e\\u0437\\u0438\\u0446\\u0438\\u044f \\u0437\\u0430\\u043a\\u0430\\u0437\\u0430\", \"object\": \"\\u0421\\u0442\\u0435\\u0439\\u043a\\u0445\\u0430\\u0443\\u0441 x 2\", \"fields\": [\"\\u041a\\u043e\\u043b\\u0438\\u0447\\u0435\\u0441\\u0442\\u0432\\u043e\"]}}]"}}, {"model": "admin.logentry", "pk": 26, "fields": {"action_time": "2026-01-29T06:54:39.510Z", "user": 1, "content_type": 1, "object_id": "36", "object_repr": "╟рърч ╣36 юЄ ЄхёЄ2", "action_flag": 2, "change_message": "[{\"changed\": {\"name\": \"\\u041f\\u043e\\u0437\\u0438\\u0446\\u0438\\u044f \\u0437\\u0430\\u043a\\u0430\\u0437\\u0430\", \"object\": \"\\u0421\\u0442\\u0435\\u0439\\u043a\\u0445\\u0430\\u0443\\u0441 x 1\", \"fields\": [\"\\u041a\\u043e\\u043b\\u0438\\u0447\\u0435\\u0441\\u0442\\u0432\\u043e\"]}}]"}}, {"model": "admin.logentry", "pk": 27, "fields": {"action_time": "2026-01-29T07:15:59.398Z", "user": 1, "content_type": 1, "object_id": "37", "object_repr": "╟рърч ╣37 юЄ ╚трэ", "action_flag": 2, "change_message": "[{\"changed\": {\"fields\": [\"\\u0410\\u0434\\u0440\\u0435\\u0441 \\u0434\\u043e\\u0441\\u0442\\u0430\\u0432\\u043a\\u0438\"]}}]"}}, {"model": "admin.logentry", "pk": 28, "fields": {"action_time": "2026-01-29T07:16:12.989Z", "user": 1, "content_type": 1, "object_id": "36", "object_repr": "╟рърч ╣36 юЄ ЄхёЄ2", "action_flag": 2, "change_message": "[{\"changed\": {\"fields\": [\"\\u0410\\u0434\\u0440\\u0435\\u0441 \\u0434\\u043e\\u0441\\u0442\\u0430\\u0432\\u043a\\u0438\"]}}]"}}, {"model": "admin.logentry", "pk": 29, "fields": {"action_time": "2026-01-29T07:16:18.054Z", "user": 1, "content_type": 1, "object_id": "36", "object_repr": "╟рърч ╣36 юЄ ЄхёЄ2", "action_flag": 2, "change_message": "[{\"changed\": {\"fields\": [\"\\u0410\\u0434\\u0440\\u0435\\u0441 \\u0434\\u043e\\u0441\\u0442\\u0430\\u0432\\u043a\\u0438\"]}}]"}}, {"model": "admin.logentry", "pk": 30, "fields": {"action_time": "2026-01-29T07:17:46.282Z", "user": 1, "content_type": 1, "object_id": "36", "object_repr": "╟рърч ╣36 юЄ ЄхёЄ2", "action_flag": 2, "change_message": "[{\"changed\": {\"fields\": [\"\\u0410\\u0434\\u0440\\u0435\\u0441 \\u0434\\u043e\\u0441\\u0442\\u0430\\u0432\\u043a\\u0438\"]}}]"}}, {"model": "admin.logentry", "pk": 31, "fields": {"action_time": "2026-01-29T08:51:46.350Z", "user": 1, "content_type": 1, "object_id": "37", "object_repr": "╟рърч ╣37 юЄ ╚трэ", "action_flag": 2, "change_message": "[{\"changed\": {\"fields\": [\"\\u0421\\u0442\\u0430\\u0442\\u0443\\u0441\", \"\\u041f\\u0440\\u0438\\u043c\\u0435\\u0447\\u0430\\u043d\\u0438\\u044f\"]}}]"}}, {"model": "admin.logentry", "pk": 32, "fields": {"action_time": "2026-01-29T08:52:11.636Z", "user": 1, "content_type": 1, "object_id": "37", "object_repr": "╟рърч ╣37 юЄ ╚трэ", "action_flag": 2, "change_message": "[{\"changed\": {\"fields\": [\"\\u0421\\u0442\\u0430\\u0442\\u0443\\u0441\"]}}]"}}, {"model": "admin.logentry", "pk": 33, "fields": {"action_time": "2026-01-29T08:52:37.659Z", "user": 1, "content_type": 1, "object_id": "36", "object_repr": "╟рърч ╣36 юЄ ЄхёЄ2", "action_flag": 2, "change_message": "[{\"changed\": {\"fields\": [\"\\u0421\\u0442\\u0430\\u0442\\u0443\\u0441\"]}}]"}}, {"model": "admin.logentry", "pk": 34, "fields": {"action_time": "2026-01-29T08:52:45.370Z", "user": 1, "content_type": 1, "object_id": "36", "object_repr": "╟рърч ╣36 юЄ ЄхёЄ2", "action_flag": 2, "change_message": "[{\"changed\": {\"fields\": [\"\\u0421\\u0442\\u0430\\u0442\\u0443\\u0441\"]}}]"}}, {"model": "admin.logentry", "pk": 35, "fields": {"action_time": "2026-01-29T08:58:31.513Z", "user": 1, "content_type": 1, "object_id": "37", "object_repr": "╟рърч ╣37 юЄ ╚трэ", "action_flag": 2, "change_message": "[{\"changed\": {\"fields\": [\"\\u041a\\u043e\\u043c\\u043c\\u0435\\u043d\\u0442\\u0430\\u0440\\u0438\\u0439\"]}}]"}}, {"model": "admin.logentry", "pk": 36, "fields": {"action_time": "2026-01-29T08:59:41.457Z", "user": 1, "content_type": 1, "object_id": "32", "object_repr": "╟рърч ╣32 юЄ ╠рЁєё ", "action_flag": 2, "change_message": "[{\"changed\": {\"fields\": [\"\\u041a\\u043e\\u043c\\u043c\\u0435\\u043d\\u0442\\u0430\\u0440\\u0438\\u0439\"]}}]"}}, {"model": "admin.logentry", "pk": 37, "fields": {"action_time": "2026-01-29T09:00:13.035Z", "user": 1, "content_type": 1, "object_id": "32", "object_repr": "╟рърч ╣32 юЄ ╠рЁєё ", "action_flag": 2, "change_message": "[{\"changed\": {\"fields\": [\"\\u041a\\u043e\\u043c\\u043c\\u0435\\u043d\\u0442\\u0430\\u0440\\u0438\\u0439\"]}}]"}}, {"model": "admin.logentry", "pk": 38, "fields": {"action_time": "2026-01-29T09:28:10.404Z", "user": 1, "content_type": 1, "object_id": "38", "object_repr": "╟рърч ╣38 юЄ ╥хёЄ3", "action_flag": 2, "change_message": "[{\"changed\": {\"fields\": [\"\\u0410\\u0434\\u0440\\u0435\\u0441 \\u0434\\u043e\\u0441\\u0442\\u0430\\u0432\\u043a\\u0438\", \"\\u041a\\u043e\\u043c\\u043c\\u0435\\u043d\\u0442\\u0430\\u0440\\u0438\\u0439\"]}}]"}}, {"model": "admin.logentry", "pk": 39, "fields": {"action_time": "2026-01-29T09:33:02.321Z", "user": 1, "content_type": 1, "object_id": "37", "object_repr": "╟рърч ╣37 юЄ ╚трэ", "action_flag": 2, "change_message": "[{\"changed\": {\"name\": \"\\u041f\\u043e\\u0437\\u0438\\u0446\\u0438\\u044f \\u0437\\u0430\\u043a\\u0430\\u0437\\u0430\", \"object\": \"\\u0411\\u0435\\u043a\\u043e\\u043d\\u0430\\u0439\\u0437\\u0435\\u0440 x 2\", \"fields\": [\"\\u0422\\u043e\\u0432\\u0430\\u0440\"]}}]"}}, {"model": "admin.logentry", "pk": 40, "fields": {"action_time": "2026-01-29T09:37:45.165Z", "user": 1, "content_type": 1, "object_id": "38", "object_repr": "╟рърч ╣38 юЄ ╥хёЄ3", "action_flag": 2, "change_message": "[{\"changed\": {\"name\": \"\\u041f\\u043e\\u0437\\u0438\\u0446\\u0438\\u044f \\u0437\\u0430\\u043a\\u0430\\u0437\\u0430\", \"object\": \"\\u0421\\u0442\\u0435\\u0439\\u043a\\u0445\\u0430\\u0443\\u0441 x 1\", \"fields\": [\"\\u0422\\u043e\\u0432\\u0430\\u0440\"]}}]"}}, {"model": "admin.logentry", "pk": 41, "fields": {"action_time": "2026-01-29T09:38:04.593Z", "user": 1, "content_type": 1, "object_id": "38", "object_repr": "╟рърч ╣38 юЄ ╥хёЄ3", "action_flag": 2, "change_message": "[{\"changed\": {\"name\": \"\\u041f\\u043e\\u0437\\u0438\\u0446\\u0438\\u044f \\u0437\\u0430\\u043a\\u0430\\u0437\\u0430\", \"object\": \"\\u0424\\u0438\\u0448 \\u0420\\u043e\\u043b\\u043b x 1\", \"fields\": [\"\\u0422\\u043e\\u0432\\u0430\\u0440\"]}}]"}}, {"model": "admin.logentry", "pk": 42, "fields": {"action_time": "2026-01-29T09:42:29.378Z", "user": 1, "content_type": 1, "object_id": "38", "object_repr": "╟рърч ╣38 юЄ ╥хёЄ3", "action_flag": 2, "change_message": "[{\"changed\": {\"name\": \"\\u041f\\u043e\\u0437\\u0438\\u0446\\u0438\\u044f \\u0437\\u0430\\u043a\\u0430\\u0437\\u0430\", \"object\": \"\\u0411\\u0435\\u043a\\u043e\\u043d\\u0430\\u0439\\u0437\\u0435\\u0440 x 1\", \"fields\": [\"\\u0422\\u043e\\u0432\\u0430\\u0440\"]}}]"}}, {"model": "admin.logentry", "pk": 43, "fields": {"action_time": "2026-01-29T09:44:01.438Z", "user": 1, "content_type": 1, "object_id": "38", "object_repr": "╟рърч ╣38 юЄ ╥хёЄ3", "action_flag": 2, "change_message": "[{\"changed\": {\"name\": \"\\u041f\\u043e\\u0437\\u0438\\u0446\\u0438\\u044f \\u0437\\u0430\\u043a\\u0430\\u0437\\u0430\", \"object\": \"\\u0422\\u0440\\u043e\\u0439\\u043d\\u043e\\u0439 \\u0412\\u043e\\u043f\\u043f\\u0435\\u0440 x 1\", \"fields\": [\"\\u0422\\u043e\\u0432\\u0430\\u0440\"]}}]"}}, {"model": "admin.logentry", "pk": 44, "fields": {"action_time": "2026-01-29T09:52:44.770Z", "user": 1, "content_type": 1, "object_id": "38", "object_repr": "╟рърч ╣38 юЄ ╥хёЄ3", "action_flag": 3, "change_message": ""}}, {"model": "admin.logentry", "pk": 45, "fields": {"action_time": "2026-01-29T10:16:40.160Z", "user": 1, "content_type": 1, "object_id": "35", "object_repr": "╟рърч ╣35 юЄ ┬рё ", "action_flag": 2, "change_message": "[{\"changed\": {\"fields\": [\"\\u0421\\u043f\\u043e\\u0441\\u043e\\u0431 \\u043e\\u043f\\u043b\\u0430\\u0442\\u044b\"]}}]"}}, {"model": "admin.logentry", "pk": 46, "fields": {"action_time": "2026-01-30T06:42:46.393Z", "user": 1, "content_type": 1, "object_id": "41", "object_repr": "╟рърч ╣41 юЄ ntcn", "action_flag": 2, "change_message": "[{\"changed\": {\"fields\": [\"\\u041f\\u043e\\u0437\\u0432\\u043e\\u043d\\u0438\\u043b\\u0438\"]}}]"}}, {"model": "admin.logentry", "pk": 47, "fields": {"action_time": "2026-01-30T06:43:10.784Z", "user": 1, "content_type": 1, "object_id": "41", "object_repr": "╟рърч ╣41 юЄ ntcn", "action_flag": 2, "change_message": "[{\"changed\": {\"fields\": [\"\\u0421\\u0442\\u0430\\u0442\\u0443\\u0441\", \"\\u0414\\u043e\\u0441\\u0442\\u0430\\u0432\\u0438\\u043b\\u0438\"]}}]"}}, {"model": "admin.logentry", "pk": 48, "fields": {"action_time": "2026-01-30T07:52:02.524Z", "user": 1, "content_type": 4, "object_id": "3", "object_repr": "Star Burger ┼тЁюяхщёъшщ", "action_flag": 3, "change_message": ""}}, {"model": "admin.logentry", "pk": 49, "fields": {"action_time": "2026-01-30T07:53:10.569Z", "user": 1, "content_type": 4, "object_id": "4", "object_repr": "Star Burger ┼тЁюяхщёъшщ", "action_flag": 1, "change_message": "[{\"added\": {}}, {\"added\": {\"name\": \"\\u043f\\u0443\\u043d\\u043a\\u0442 \\u043c\\u0435\\u043d\\u044e \\u0440\\u0435\\u0441\\u0442\\u043e\\u0440\\u0430\\u043d\\u0430\", \"object\": \"Star Burger \\u0415\\u0432\\u0440\\u043e\\u043f\\u0435\\u0439\\u0441\\u043a\\u0438\\u0439 - \\u0421\\u0442\\u0435\\u0439\\u043a\\u0445\\u0430\\u0443\\u0441\"}}, {\"added\": {\"name\": \"\\u043f\\u0443\\u043d\\u043a\\u0442 \\u043c\\u0435\\u043d\\u044e \\u0440\\u0435\\u0441\\u0442\\u043e\\u0440\\u0430\\u043d\\u0430\", \"object\": \"Star Burger \\u0415\\u0432\\u0440\\u043e\\u043f\\u0435\\u0439\\u0441\\u043a\\u0438\\u0439 - \\u041b\\u043e\\u043d\\u0433 \\u0427\\u0438\\u0437\\u0431\\u0443\\u0440\\u0433\\u0435\\u0440\"}}, {\"added\": {\"name\": \"\\u043f\\u0443\\u043d\\u043a\\u0442 \\u043c\\u0435\\u043d\\u044e \\u0440\\u0435\\u0441\\u0442\\u043e\\u0440\\u0430\\u043d\\u0430\", \"object\": \"Star Burger \\u0415\\u0432\\u0440\\u043e\\u043f\\u0435\\u0439\\u0441\\u043a\\u0438\\u0439 - \\u0422\\u0440\\u043e\\u0439\\u043d\\u043e\\u0439 \\u0412\\u043e\\u043f\\u043f\\u0435\\u0440\"}}, {\"added\": {\"name\": \"\\u043f\\u0443\\u043d\\u043a\\u0442 \\u043c\\u0435\\u043d\\u044e \\u0440\\u0435\\u0441\\u0442\\u043e\\u0440\\u0430\\u043d\\u0430\", \"object\": \"Star Burger \\u0415\\u0432\\u0440\\u043e\\u043f\\u0435\\u0439\\u0441\\u043a\\u0438\\u0439 - \\u0411\\u0435\\u043a\\u043e\\u043d\\u0430\\u0439\\u0437\\u0435\\u0440\"}}]"}}, {"model": "admin.logentry", "pk": 50, "fields": {"action_time": "2026-01-30T07:53:30.561Z", "user": 1, "content_type": 4, "object_id": "2", "object_repr": "Star Burger ╓тхЄэющ", "action_flag": 2, "change_message": "[{\"changed\": {\"name\": \"\\u043f\\u0443\\u043d\\u043a\\u0442 \\u043c\\u0435\\u043d\\u044e \\u0440\\u0435\\u0441\\u0442\\u043e\\u0440\\u0430\\u043d\\u0430\", \"object\": \"Star Burger \\u0426\\u0432\\u0435\\u0442\\u043d\\u043e\\u0439 - \\u0421\\u0442\\u0435\\u0439\\u043a\\u0445\\u0430\\u0443\\u0441\", \"fields\": [\"\\u0412 \\u043f\\u0440\\u043e\\u0434\\u0430\\u0436\\u0435\"]}}, {\"changed\": {\"name\": \"\\u043f\\u0443\\u043d\\u043a\\u0442 \\u043c\\u0435\\u043d\\u044e \\u0440\\u0435\\u0441\\u0442\\u043e\\u0440\\u0430\\u043d\\u0430\", \"object\": \"Star Burger \\u0426\\u0432\\u0435\\u0442\\u043d\\u043e\\u0439 - \\u041b\\u043e\\u043d\\u0433 \\u0427\\u0438\\u0437\\u0431\\u0443\\u0440\\u0433\\u0435\\u0440\", \"fields\": [\"\\u0412 \\u043f\\u0440\\u043e\\u0434\\u0430\\u0436\\u0435\"]}}, {\"changed\": {\"name\": \"\\u043f\\u0443\\u043d\\u043a\\u0442 \\u043c\\u0435\\u043d\\u044e \\u0440\\u0435\\u0441\\u0442\\u043e\\u0440\\u0430\\u043d\\u0430\", \"object\": \"Star Burger \\u0426\\u0432\\u0435\\u0442\\u043d\\u043e\\u0439 - \\u0422\\u0440\\u043e\\u0439\\u043d\\u043e\\u0439 \\u0412\\u043e\\u043f\\u043f\\u0435\\u0440\", \"fields\": [\"\\u0412 \\u043f\\u0440\\u043e\\u0434\\u0430\\u0436\\u0435\"]}}, {\"changed\": {\"name\": \"\\u043f\\u0443\\u043d\\u043a\\u0442 \\u043c\\u0435\\u043d\\u044e \\u0440\\u0435\\u0441\\u0442\\u043e\\u0440\\u0430\\u043d\\u0430\", \"object\": \"Star Burger \\u0426\\u0432\\u0435\\u0442\\u043d\\u043e\\u0439 - \\u0411\\u0435\\u043a\\u043e\\u043d\\u0430\\u0439\\u0437\\u0435\\u0440\", \"fields\": [\"\\u0412 \\u043f\\u0440\\u043e\\u0434\\u0430\\u0436\\u0435\"]}}]"}}, {"model": "admin.logentry", "pk": 51, "fields": {"action_time": "2026-01-30T07:53:45.812Z", "user": 1, "content_type": 4, "object_id": "4", "object_repr": "Star Burger ┼тЁюяхщёъшщ", "action_flag": 2, "change_message": "[{\"added\": {\"name\": \"\\u043f\\u0443\\u043d\\u043a\\u0442 \\u043c\\u0435\\u043d\\u044e \\u0440\\u0435\\u0441\\u0442\\u043e\\u0440\\u0430\\u043d\\u0430\", \"object\": \"Star Burger \\u0415\\u0432\\u0440\\u043e\\u043f\\u0435\\u0439\\u0441\\u043a\\u0438\\u0439 - \\u0424\\u0438\\u0448 \\u0420\\u043e\\u043b\\u043b\"}}, {\"added\": {\"name\": \"\\u043f\\u0443\\u043d\\u043a\\u0442 \\u043c\\u0435\\u043d\\u044e \\u0440\\u0435\\u0441\\u0442\\u043e\\u0440\\u0430\\u043d\\u0430\", \"object\": \"Star Burger \\u0415\\u0432\\u0440\\u043e\\u043f\\u0435\\u0439\\u0441\\u043a\\u0438\\u0439 - \\u0428\\u0440\\u0438\\u043c\\u043f \\u0420\\u043e\\u043b\\u043b\"}}]"}}, {"model": "admin.logentry", "pk": 52, "fields": {"action_time": "2026-01-30T07:54:03.900Z", "user": 1, "content_type": 4, "object_id": "1", "object_repr": "Star Burger └ЁсрЄ", "action_flag": 2, "change_message": "[{\"changed\": {\"name\": \"\\u043f\\u0443\\u043d\\u043a\\u0442 \\u043c\\u0435\\u043d\\u044e \\u0440\\u0435\\u0441\\u0442\\u043e\\u0440\\u0430\\u043d\\u0430\", \"object\": \"Star Burger \\u0410\\u0440\\u0431\\u0430\\u0442 - \\u041b\\u043e\\u043d\\u0433 \\u0427\\u0438\\u0437\\u0431\\u0443\\u0440\\u0433\\u0435\\u0440\", \"fields\": [\"\\u0412 \\u043f\\u0440\\u043e\\u0434\\u0430\\u0436\\u0435\"]}}, {\"changed\": {\"name\": \"\\u043f\\u0443\\u043d\\u043a\\u0442 \\u043c\\u0435\\u043d\\u044e \\u0440\\u0435\\u0441\\u0442\\u043e\\u0440\\u0430\\u043d\\u0430\", \"object\": \"Star Burger \\u0410\\u0440\\u0431\\u0430\\u0442 - \\u0422\\u0440\\u043e\\u0439\\u043d\\u043e\\u0439 \\u0412\\u043e\\u043f\\u043f\\u0435\\u0440\", \"fields\": [\"\\u0412 \\u043f\\u0440\\u043e\\u0434\\u0430\\u0436\\u0435\"]}}, {\"changed\": {\"name\": \"\\u043f\\u0443\\u043d\\u043a\\u0442 \\u043c\\u0435\\u043d\\u044e \\u0440\\u0435\\u0441\\u0442\\u043e\\u0440\\u0430\\u043d\\u0430\", \"object\": \"Star Burger \\u0410\\u0440\\u0431\\u0430\\u0442 - \\u0424\\u0438\\u0448 \\u0420\\u043e\\u043b\\u043b\", \"fields\": [\"\\u0412 \\u043f\\u0440\\u043e\\u0434\\u0430\\u0436\\u0435\"]}}, {\"changed\": {\"name\": \"\\u043f\\u0443\\u043d\\u043a\\u0442 \\u043c\\u0435\\u043d\\u044e \\u0440\\u0435\\u0441\\u0442\\u043e\\u0440\\u0430\\u043d\\u0430\", \"object\": \"Star Burger \\u0410\\u0440\\u0431\\u0430\\u0442 - \\u0428\\u0440\\u0438\\u043c\\u043f \\u0420\\u043e\\u043b\\u043b\", \"fields\": [\"\\u0412 \\u043f\\u0440\\u043e\\u0434\\u0430\\u0436\\u0435\"]}}]"}}, {"model": "admin.logentry", "pk": 53, "fields": {"action_time": "2026-01-30T07:54:11.800Z", "user": 1, "content_type": 4, "object_id": "4", "object_repr": "Star Burger ┼тЁюяхщёъшщ", "action_flag": 2, "change_message": "[{\"changed\": {\"name\": \"\\u043f\\u0443\\u043d\\u043a\\u0442 \\u043c\\u0435\\u043d\\u044e \\u0440\\u0435\\u0441\\u0442\\u043e\\u0440\\u0430\\u043d\\u0430\", \"object\": \"Star Burger \\u0415\\u0432\\u0440\\u043e\\u043f\\u0435\\u0439\\u0441\\u043a\\u0438\\u0439 - \\u0421\\u0442\\u0435\\u0439\\u043a\\u0445\\u0430\\u0443\\u0441\", \"fields\": [\"\\u0412 \\u043f\\u0440\\u043e\\u0434\\u0430\\u0436\\u0435\"]}}, {\"changed\": {\"name\": \"\\u043f\\u0443\\u043d\\u043a\\u0442 \\u043c\\u0435\\u043d\\u044e \\u0440\\u0435\\u0441\\u0442\\u043e\\u0440\\u0430\\u043d\\u0430\", \"object\": \"Star Burger \\u0415\\u0432\\u0440\\u043e\\u043f\\u0435\\u0439\\u0441\\u043a\\u0438\\u0439 - \\u0411\\u0435\\u043a\\u043e\\u043d\\u0430\\u0439\\u0437\\u0435\\u0440\", \"fields\": [\"\\u0412 \\u043f\\u0440\\u043e\\u0434\\u0430\\u0436\\u0435\"]}}]"}}, {"model": "admin.logentry", "pk": 54, "fields": {"action_time": "2026-01-30T07:59:44.482Z", "user": 1, "content_type": 1, "object_id": "44", "object_repr": "╟рърч ╣44 юЄ ЄхёЄ5", "action_flag": 2, "change_message": "[{\"changed\": {\"fields\": [\"\\u0420\\u0435\\u0441\\u0442\\u043e\\u0440\\u0430\\u043d \\u0434\\u043b\\u044f \\u043f\\u0440\\u0438\\u0433\\u043e\\u0442\\u043e\\u0432\\u043b\\u0435\\u043d\\u0438\\u044f\"]}}]"}}, {"model": "admin.logentry", "pk": 55, "fields": {"action_time": "2026-01-30T07:59:53.322Z", "user": 1, "content_type": 1, "object_id": "44", "object_repr": "╟рърч ╣44 юЄ ЄхёЄ5", "action_flag": 2, "change_message": "[]"}}, {"model": "admin.logentry", "pk": 56, "fields": {"action_time": "2026-01-30T08:19:10.231Z", "user": 1, "content_type": 1, "object_id": "44", "object_repr": "╟рърч ╣44 юЄ ЄхёЄ5", "action_flag": 2, "change_message": "[{\"changed\": {\"fields\": [\"\\u0421\\u0442\\u0430\\u0442\\u0443\\u0441\"]}}]"}}, {"model": "admin.logentry", "pk": 57, "fields": {"action_time": "2026-01-30T08:19:21.698Z", "user": 1, "content_type": 1, "object_id": "46", "object_repr": "╟рърч ╣46 юЄ ЄхёЄ7", "action_flag": 2, "change_message": "[{\"changed\": {\"fields\": [\"\\u0421\\u0442\\u0430\\u0442\\u0443\\u0441\"]}}]"}}, {"model": "admin.logentry", "pk": 58, "fields": {"action_time": "2026-01-30T08:22:56.560Z", "user": 1, "content_type": 1, "object_id": "46", "object_repr": "╟рърч ╣46 юЄ ЄхёЄ7", "action_flag": 3, "change_message": ""}}, {"model": "admin.logentry", "pk": 59, "fields": {"action_time": "2026-01-30T08:23:06.831Z", "user": 1, "content_type": 1, "object_id": "45", "object_repr": "╟рърч ╣45 юЄ ЄхёЄ6", "action_flag": 2, "change_message": "[]"}}, {"model": "admin.logentry", "pk": 60, "fields": {"action_time": "2026-01-30T08:28:17.167Z", "user": 1, "content_type": 1, "object_id": "45", "object_repr": "╟рърч ╣45 юЄ ЄхёЄ6", "action_flag": 2, "change_message": "[{\"changed\": {\"fields\": [\"\\u0421\\u0442\\u0430\\u0442\\u0443\\u0441\"]}}]"}}, {"model": "admin.logentry", "pk": 61, "fields": {"action_time": "2026-01-30T08:28:25.915Z", "user": 1, "content_type": 1, "object_id": "34", "object_repr": "╟рърч ╣34 юЄ ┬рёшышщ", "action_flag": 2, "change_message": "[{\"changed\": {\"fields\": [\"\\u0421\\u0442\\u0430\\u0442\\u0443\\u0441\"]}}]"}}, {"model": "admin.logentry", "pk": 62, "fields": {"action_time": "2026-01-30T08:28:34.302Z", "user": 1, "content_type": 1, "object_id": "22", "object_repr": "╟рърч ╣22 юЄ ы", "action_flag": 2, "change_message": "[{\"changed\": {\"fields\": [\"\\u0421\\u0442\\u0430\\u0442\\u0443\\u0441\"]}}]"}}, {"model": "admin.logentry", "pk": 63, "fields": {"action_time": "2026-01-30T09:18:11.421Z", "user": 1, "content_type": 1, "object_id": "43", "object_repr": "╟рърч ╣43 юЄ ╨юЁюЁ", "action_flag": 2, "change_message": "[{\"changed\": {\"fields\": [\"\\u0420\\u0435\\u0441\\u0442\\u043e\\u0440\\u0430\\u043d \\u0434\\u043b\\u044f \\u043f\\u0440\\u0438\\u0433\\u043e\\u0442\\u043e\\u0432\\u043b\\u0435\\u043d\\u0438\\u044f\"]}}]"}}, {"model": "admin.logentry", "pk": 64, "fields": {"action_time": "2026-01-30T09:24:27.071Z", "user": 1, "content_type": 4, "object_id": "4", "object_repr": "Star Burger ┼тЁюяхщёъшщ", "action_flag": 2, "change_message": "[{\"changed\": {\"name\": \"\\u043f\\u0443\\u043d\\u043a\\u0442 \\u043c\\u0435\\u043d\\u044e \\u0440\\u0435\\u0441\\u0442\\u043e\\u0440\\u0430\\u043d\\u0430\", \"object\": \"Star Burger \\u0415\\u0432\\u0440\\u043e\\u043f\\u0435\\u0439\\u0441\\u043a\\u0438\\u0439 - \\u0424\\u0438\\u0448 \\u0420\\u043e\\u043b\\u043b\", \"fields\": [\"\\u0412 \\u043f\\u0440\\u043e\\u0434\\u0430\\u0436\\u0435\"]}}, {\"changed\": {\"name\": \"\\u043f\\u0443\\u043d\\u043a\\u0442 \\u043c\\u0435\\u043d\\u044e \\u0440\\u0435\\u0441\\u0442\\u043e\\u0440\\u0430\\u043d\\u0430\", \"object\": \"Star Burger \\u0415\\u0432\\u0440\\u043e\\u043f\\u0435\\u0439\\u0441\\u043a\\u0438\\u0439 - \\u0428\\u0440\\u0438\\u043c\\u043f \\u0420\\u043e\\u043b\\u043b\", \"fields\": [\"\\u0412 \\u043f\\u0440\\u043e\\u0434\\u0430\\u0436\\u0435\"]}}]"}}, {"model": "admin.logentry", "pk": 65, "fields": {"action_time": "2026-01-30T09:25:05.073Z", "user": 1, "content_type": 1, "object_id": "45", "object_repr": "╟рърч ╣45 юЄ ЄхёЄ6", "action_flag": 2, "change_message": "[{\"changed\": {\"fields\": [\"\\u0421\\u0442\\u0430\\u0442\\u0443\\u0441\"]}}]"}}, {"model": "admin.logentry", "pk": 66, "fields": {"action_time": "2026-01-30T09:25:47.949Z", "user": 1, "content_type": 1, "object_id": "45", "object_repr": "╟рърч ╣45 юЄ ЄхёЄ6", "action_flag": 2, "change_message": "[{\"changed\": {\"fields\": [\"\\u0420\\u0435\\u0441\\u0442\\u043e\\u0440\\u0430\\u043d \\u0434\\u043b\\u044f \\u043f\\u0440\\u0438\\u0433\\u043e\\u0442\\u043e\\u0432\\u043b\\u0435\\u043d\\u0438\\u044f\"]}}]"}}, {"model": "admin.logentry", "pk": 67, "fields": {"action_time": "2026-01-30T10:04:18.692Z", "user": 1, "content_type": 1, "object_id": "45", "object_repr": "╟рърч ╣45 юЄ ЄхёЄ6", "action_flag": 2, "change_message": "[{\"changed\": {\"fields\": [\"\\u0421\\u0442\\u0430\\u0442\\u0443\\u0441\"]}}]"}}, {"model": "admin.logentry", "pk": 68, "fields": {"action_time": "2026-01-30T10:05:38.488Z", "user": 1, "content_type": 1, "object_id": "47", "object_repr": "╟рърч ╣47 юЄ ЄхёЄ7", "action_flag": 2, "change_message": "[{\"changed\": {\"fields\": [\"\\u0420\\u0435\\u0441\\u0442\\u043e\\u0440\\u0430\\u043d \\u0434\\u043b\\u044f \\u043f\\u0440\\u0438\\u0433\\u043e\\u0442\\u043e\\u0432\\u043b\\u0435\\u043d\\u0438\\u044f\"]}}]"}}, {"model": "admin.logentry", "pk": 69, "fields": {"action_time": "2026-01-30T10:06:49.356Z", "user": 1, "content_type": 1, "object_id": "35", "object_repr": "╟рърч ╣35 юЄ ┬рё ", "action_flag": 2, "change_message": "[{\"changed\": {\"fields\": [\"\\u0420\\u0435\\u0441\\u0442\\u043e\\u0440\\u0430\\u043d \\u0434\\u043b\\u044f \\u043f\\u0440\\u0438\\u0433\\u043e\\u0442\\u043e\\u0432\\u043b\\u0435\\u043d\\u0438\\u044f\"]}}]"}}, {"model": "admin.logentry", "pk": 70, "fields": {"action_time": "2026-01-30T10:08:34.035Z", "user": 1, "content_type": 1, "object_id": "48", "object_repr": "╟рърч ╣48 юЄ ЄхёЄ9", "action_flag": 2, "change_message": "[{\"changed\": {\"fields\": [\"\\u0420\\u0435\\u0441\\u0442\\u043e\\u0440\\u0430\\u043d \\u0434\\u043b\\u044f \\u043f\\u0440\\u0438\\u0433\\u043e\\u0442\\u043e\\u0432\\u043b\\u0435\\u043d\\u0438\\u044f\"]}}]"}}, {"model": "admin.logentry", "pk": 71, "fields": {"action_time": "2026-01-30T10:10:09.860Z", "user": 1, "content_type": 1, "object_id": "42", "object_repr": "╟рърч ╣42 юЄ fhdfgdf", "action_flag": 2, "change_message": "[{\"changed\": {\"fields\": [\"\\u0420\\u0435\\u0441\\u0442\\u043e\\u0440\\u0430\\u043d \\u0434\\u043b\\u044f \\u043f\\u0440\\u0438\\u0433\\u043e\\u0442\\u043e\\u0432\\u043b\\u0435\\u043d\\u0438\\u044f\"]}}]"}}, {"model": "admin.logentry", "pk": 72, "fields": {"action_time": "2026-01-30T10:11:36.545Z", "user": 1, "content_type": 1, "object_id": "44", "object_repr": "╟рърч ╣44 юЄ ЄхёЄ5", "action_flag": 2, "change_message": "[{\"changed\": {\"fields\": [\"\\u0421\\u0442\\u0430\\u0442\\u0443\\u0441\"]}}]"}}, {"model": "admin.logentry", "pk": 73, "fields": {"action_time": "2026-01-30T10:12:01.180Z", "user": 1, "content_type": 1, "object_id": "48", "object_repr": "╟рърч ╣48 юЄ ЄхёЄ9", "action_flag": 2, "change_message": "[{\"changed\": {\"fields\": [\"\\u0421\\u0442\\u0430\\u0442\\u0443\\u0441\"]}}]"}}, {"model": "admin.logentry", "pk": 74, "fields": {"action_time": "2026-01-30T10:12:18.651Z", "user": 1, "content_type": 1, "object_id": "48", "object_repr": "╟рърч ╣48 юЄ ЄхёЄ9", "action_flag": 2, "change_message": "[{\"changed\": {\"fields\": [\"\\u0420\\u0435\\u0441\\u0442\\u043e\\u0440\\u0430\\u043d \\u0434\\u043b\\u044f \\u043f\\u0440\\u0438\\u0433\\u043e\\u0442\\u043e\\u0432\\u043b\\u0435\\u043d\\u0438\\u044f\"]}}]"}}, {"model": "admin.logentry", "pk": 75, "fields": {"action_time": "2026-01-30T10:12:32.398Z", "user": 1, "content_type": 1, "object_id": "44", "object_repr": "╟рърч ╣44 юЄ ЄхёЄ5", "action_flag": 2, "change_message": "[{\"changed\": {\"fields\": [\"\\u0421\\u0442\\u0430\\u0442\\u0443\\u0441\"]}}]"}}, {"model": "admin.logentry", "pk": 76, "fields": {"action_time": "2026-01-30T10:28:43.020Z", "user": 1, "content_type": 1, "object_id": "49", "object_repr": "╟рърч ╣49 юЄ ЄхёЄ10", "action_flag": 2, "change_message": "[{\"changed\": {\"fields\": [\"\\u0420\\u0435\\u0441\\u0442\\u043e\\u0440\\u0430\\u043d \\u0434\\u043b\\u044f \\u043f\\u0440\\u0438\\u0433\\u043e\\u0442\\u043e\\u0432\\u043b\\u0435\\u043d\\u0438\\u044f\"]}}]"}}, {"model": "admin.logentry", "pk": 77, "fields": {"action_time": "2026-01-30T10:32:05.259Z", "user": 1, "content_type": 1, "object_id": "48", "object_repr": "╟рърч ╣48 юЄ ЄхёЄ9", "action_flag": 2, "change_message": "[{\"changed\": {\"fields\": [\"\\u0420\\u0435\\u0441\\u0442\\u043e\\u0440\\u0430\\u043d \\u0434\\u043b\\u044f \\u043f\\u0440\\u0438\\u0433\\u043e\\u0442\\u043e\\u0432\\u043b\\u0435\\u043d\\u0438\\u044f\"]}}]"}}, {"model": "admin.logentry", "pk": 78, "fields": {"action_time": "2026-01-30T10:32:30.297Z", "user": 1, "content_type": 1, "object_id": "49", "object_repr": "╟рърч ╣49 юЄ ЄхёЄ10", "action_flag": 2, "change_message": "[{\"changed\": {\"fields\": [\"\\u0420\\u0435\\u0441\\u0442\\u043e\\u0440\\u0430\\u043d \\u0434\\u043b\\u044f \\u043f\\u0440\\u0438\\u0433\\u043e\\u0442\\u043e\\u0432\\u043b\\u0435\\u043d\\u0438\\u044f\"]}}]"}}, {"model": "admin.logentry", "pk": 79, "fields": {"action_time": "2026-01-30T11:06:15.070Z", "user": 1, "content_type": 1, "object_id": "50", "object_repr": "╟рърч ╣50 юЄ ЄхёЄ11", "action_flag": 2, "change_message": "[{\"changed\": {\"fields\": [\"\\u0420\\u0435\\u0441\\u0442\\u043e\\u0440\\u0430\\u043d \\u0434\\u043b\\u044f \\u043f\\u0440\\u0438\\u0433\\u043e\\u0442\\u043e\\u0432\\u043b\\u0435\\u043d\\u0438\\u044f\"]}}]"}}, {"model": "admin.logentry", "pk": 80, "fields": {"action_time": "2026-01-30T11:06:28.105Z", "user": 1, "content_type": 1, "object_id": "50", "object_repr": "╟рърч ╣50 юЄ ЄхёЄ11", "action_flag": 2, "change_message": "[{\"changed\": {\"fields\": [\"\\u0420\\u0435\\u0441\\u0442\\u043e\\u0440\\u0430\\u043d \\u0434\\u043b\\u044f \\u043f\\u0440\\u0438\\u0433\\u043e\\u0442\\u043e\\u0432\\u043b\\u0435\\u043d\\u0438\\u044f\"]}}]"}}, {"model": "admin.logentry", "pk": 81, "fields": {"action_time": "2026-01-30T11:07:02.446Z", "user": 1, "content_type": 1, "object_id": "50", "object_repr": "╟рърч ╣50 юЄ ЄхёЄ11", "action_flag": 2, "change_message": "[{\"changed\": {\"fields\": [\"\\u0420\\u0435\\u0441\\u0442\\u043e\\u0440\\u0430\\u043d \\u0434\\u043b\\u044f \\u043f\\u0440\\u0438\\u0433\\u043e\\u0442\\u043e\\u0432\\u043b\\u0435\\u043d\\u0438\\u044f\", \"\\u0421\\u0442\\u0430\\u0442\\u0443\\u0441\"]}}]"}}, {"model": "admin.logentry", "pk": 82, "fields": {"action_time": "2026-01-30T11:16:57.545Z", "user": 1, "content_type": 1, "object_id": "50", "object_repr": "╟рърч ╣50 юЄ ЄхёЄ11", "action_flag": 2, "change_message": "[{\"changed\": {\"fields\": [\"\\u0420\\u0435\\u0441\\u0442\\u043e\\u0440\\u0430\\u043d \\u0434\\u043b\\u044f \\u043f\\u0440\\u0438\\u0433\\u043e\\u0442\\u043e\\u0432\\u043b\\u0435\\u043d\\u0438\\u044f\"]}}]"}}, {"model": "admin.logentry", "pk": 83, "fields": {"action_time": "2026-01-30T11:17:10.196Z", "user": 1, "content_type": 1, "object_id": "50", "object_repr": "╟рърч ╣50 юЄ ЄхёЄ11", "action_flag": 2, "change_message": "[{\"changed\": {\"fields\": [\"\\u0420\\u0435\\u0441\\u0442\\u043e\\u0440\\u0430\\u043d \\u0434\\u043b\\u044f \\u043f\\u0440\\u0438\\u0433\\u043e\\u0442\\u043e\\u0432\\u043b\\u0435\\u043d\\u0438\\u044f\"]}}]"}}, {"model": "admin.logentry", "pk": 84, "fields": {"action_time": "2026-01-30T11:18:26.631Z", "user": 1, "content_type": 1, "object_id": "51", "object_repr": "╟рърч ╣51 юЄ ЄхёЄ12", "action_flag": 2, "change_message": "[{\"changed\": {\"fields\": [\"\\u0420\\u0435\\u0441\\u0442\\u043e\\u0440\\u0430\\u043d \\u0434\\u043b\\u044f \\u043f\\u0440\\u0438\\u0433\\u043e\\u0442\\u043e\\u0432\\u043b\\u0435\\u043d\\u0438\\u044f\"]}}]"}}, {"model": "admin.logentry", "pk": 85, "fields": {"action_time": "2026-01-30T11:22:46.652Z", "user": 1, "content_type": 1, "object_id": "24", "object_repr": "╟рърч ╣24 юЄ р", "action_flag": 2, "change_message": "[{\"changed\": {\"fields\": [\"\\u0410\\u0434\\u0440\\u0435\\u0441 \\u0434\\u043e\\u0441\\u0442\\u0430\\u0432\\u043a\\u0438\"]}}]"}}, {"model": "admin.logentry", "pk": 86, "fields": {"action_time": "2026-01-30T11:23:56.575Z", "user": 1, "content_type": 1, "object_id": "27", "object_repr": "╟рърч ╣27 юЄ ╚трэ", "action_flag": 2, "change_message": "[{\"changed\": {\"fields\": [\"\\u0410\\u0434\\u0440\\u0435\\u0441 \\u0434\\u043e\\u0441\\u0442\\u0430\\u0432\\u043a\\u0438\"]}}]"}}, {"model": "admin.logentry", "pk": 87, "fields": {"action_time": "2026-01-30T11:24:22.001Z", "user": 1, "content_type": 1, "object_id": "27", "object_repr": "╟рърч ╣27 юЄ ╚трэ", "action_flag": 2, "change_message": "[{\"changed\": {\"fields\": [\"\\u0410\\u0434\\u0440\\u0435\\u0441 \\u0434\\u043e\\u0441\\u0442\\u0430\\u0432\\u043a\\u0438\"]}}]"}}, {"model": "admin.logentry", "pk": 88, "fields": {"action_time": "2026-01-30T11:26:27.700Z", "user": 1, "content_type": 1, "object_id": "52", "object_repr": "╟рърч ╣52 юЄ ntcn 15", "action_flag": 2, "change_message": "[{\"changed\": {\"fields\": [\"\\u0420\\u0435\\u0441\\u0442\\u043e\\u0440\\u0430\\u043d \\u0434\\u043b\\u044f \\u043f\\u0440\\u0438\\u0433\\u043e\\u0442\\u043e\\u0432\\u043b\\u0435\\u043d\\u0438\\u044f\"]}}]"}}, {"model": "admin.logentry", "pk": 89, "fields": {"action_time": "2026-02-02T08:35:13.655Z", "user": 1, "content_type": 1, "object_id": "30", "object_repr": "╟рърч ╣30 юЄ ╥шьєЁ", "action_flag": 2, "change_message": "[{\"changed\": {\"fields\": [\"\\u0420\\u0435\\u0441\\u0442\\u043e\\u0440\\u0430\\u043d \\u0434\\u043b\\u044f \\u043f\\u0440\\u0438\\u0433\\u043e\\u0442\\u043e\\u0432\\u043b\\u0435\\u043d\\u0438\\u044f\"]}}]"}}, {"model": "admin.logentry", "pk": 90, "fields": {"action_time": "2026-02-03T07:11:09.044Z", "user": 1, "content_type": 1, "object_id": "32", "object_repr": "╟рърч ╣32 юЄ ╠рЁєё ", "action_flag": 2, "change_message": "[{\"changed\": {\"fields\": [\"\\u0420\\u0435\\u0441\\u0442\\u043e\\u0440\\u0430\\u043d \\u0434\\u043b\\u044f \\u043f\\u0440\\u0438\\u0433\\u043e\\u0442\\u043e\\u0432\\u043b\\u0435\\u043d\\u0438\\u044f\"]}}]"}}, {"model": "admin.logentry", "pk": 91, "fields": {"action_time": "2026-02-03T07:27:25.892Z", "user": 1, "content_type": 1, "object_id": "53", "object_repr": "╟рърч ╣53 юЄ ┬рёшышщ", "action_flag": 2, "change_message": "[{\"changed\": {\"fields\": [\"\\u0421\\u0442\\u0430\\u0442\\u0443\\u0441\"]}}]"}}, {"model": "admin.logentry", "pk": 92, "fields": {"action_time": "2026-02-03T07:35:16.995Z", "user": 1, "content_type": 1, "object_id": "54", "object_repr": "╟рърч ╣54 юЄ Є", "action_flag": 2, "change_message": "[{\"changed\": {\"fields\": [\"\\u0420\\u0435\\u0441\\u0442\\u043e\\u0440\\u0430\\u043d \\u0434\\u043b\\u044f \\u043f\\u0440\\u0438\\u0433\\u043e\\u0442\\u043e\\u0432\\u043b\\u0435\\u043d\\u0438\\u044f\"]}}]"}}, {"model": "auth.user", "pk": 1, "fields": {"password": "pbkdf2_sha256$1000000$7Cjip6ArIdHuNQernKre3v$VVzwrXrWQ4x2vBhzviXyuRH5r0zGSd7cnv+7fFbJRuA=", "last_login": "2026-02-10T09:30:05.767Z", "is_superuser": true, "username": "o", "first_name": "", "last_name": "", "email": "", "is_staff": true, "is_active": true, "date_joined": "2026-01-15T13:28:42.495Z", "groups": [], "user_permissions": []}}, {"model": "sessions.session", "pk": "213bs6j0pjoo750hac3mfe9l1n2qeuya", "fields": {"session_data": ".eJxVjEEOwiAQRe_C2hBAYIpL9z0DmWFAqoYmpV0Z765NutDtf-_9l4i4rTVuPS9xYnERWpx-N8L0yG0HfMd2m2Wa27pMJHdFHrTLceb8vB7u30HFXr-1CxqBs4Eh2ILIzoMj686JQ1AeCg7WUwECS8EDqKB9NsmQJVYuKyPeH9rSN4o:1vpk4L:tWa-nMslOX0-wUluSg1vDfcc55sLsvYOmEseKWjztC4", "expire_date": "2026-02-24T09:30:05.792Z"}}, {"model": "sessions.session", "pk": "6xjyimflhd52hobf2ot0szj0avv2kk0a", "fields": {"session_data": ".eJxVjEEOwiAQRe_C2hBAYIpL9z0DmWFAqoYmpV0Z765NutDtf-_9l4i4rTVuPS9xYnERWpx-N8L0yG0HfMd2m2Wa27pMJHdFHrTLceb8vB7u30HFXr-1CxqBs4Eh2ILIzoMj686JQ1AeCg7WUwECS8EDqKB9NsmQJVYuKyPeH9rSN4o:1vhlfa:9Ee66D4CHuTy05YCCkKf9bwfuFrT6BZ-EVrHmgRZZBc", "expire_date": "2026-02-02T09:35:34.440Z"}}, {"model": "sessions.session", "pk": "pu3pwbzow51r6d6n8ow7x0g7624ou28x", "fields": {"session_data": ".eJxVjEEOwiAQRe_C2hBAYIpL9z0DmWFAqoYmpV0Z765NutDtf-_9l4i4rTVuPS9xYnERWpx-N8L0yG0HfMd2m2Wa27pMJHdFHrTLceb8vB7u30HFXr-1CxqBs4Eh2ILIzoMj686JQ1AeCg7WUwECS8EDqKB9NsmQJVYuKyPeH9rSN4o:1vkzcE:iZ985nwawU58-nXakvzEqHvnQSKkwHkkgJl3PqHFZHA", "expire_date": "2026-02-11T07:05:26.241Z"}}, {"model": "sessions.session", "pk": "ss1j1fgso75gru24d7bmhbqnjjazcefj", "fields": {"session_data": ".eJxVjEEOwiAQRe_C2hBAYIpL9z0DmWFAqoYmpV0Z765NutDtf-_9l4i4rTVuPS9xYnERWpx-N8L0yG0HfMd2m2Wa27pMJHdFHrTLceb8vB7u30HFXr-1CxqBs4Eh2ILIzoMj686JQ1AeCg7WUwECS8EDqKB9NsmQJVYuKyPeH9rSN4o:1vkg2f:gWw30UtzYPAcJ85hldH_6wuYW4JlevjhHJn1YeImUSc", "expire_date": "2026-02-10T10:11:25.477Z"}}, {"model": "sessions.session", "pk": "tuenqv671gokc8yu7su3djemo95tcj1o", "fields": {"session_data": ".eJxVjEEOwiAQRe_C2hBAYIpL9z0DmWFAqoYmpV0Z765NutDtf-_9l4i4rTVuPS9xYnERWpx-N8L0yG0HfMd2m2Wa27pMJHdFHrTLceb8vB7u30HFXr-1CxqBs4Eh2ILIzoMj686JQ1AeCg7WUwECS8EDqKB9NsmQJVYuKyPeH9rSN4o:1vgNPI:ONeZd8f31THe27_0RvB0lop_ntpWwNBZ3ncZRxGtsgs", "expire_date": "2026-01-29T13:29:00.297Z"}}, {"model": "sessions.session", "pk": "uhrp88xsurviomdhj9qdjj6jgu071151", "fields": {"session_data": ".eJxVjEEOwiAQRe_C2hBAYIpL9z0DmWFAqoYmpV0Z765NutDtf-_9l4i4rTVuPS9xYnERWpx-N8L0yG0HfMd2m2Wa27pMJHdFHrTLceb8vB7u30HFXr-1CxqBs4Eh2ILIzoMj686JQ1AeCg7WUwECS8EDqKB9NsmQJVYuKyPeH9rSN4o:1vgeax:-NpV6l3VZEEYqd9e9bT1OLMD6LIBTuJIoyCGSu395w4", "expire_date": "2026-01-30T07:50:11.920Z"}}, {"model": "places.place", "pk": 1, "fields": {"address": "╦юэфюэ", "lat": 51.507351, "lon": -0.127696, "updated_at": "2026-02-03T07:10:47.908Z"}}, {"model": "places.place", "pk": 2, "fields": {"address": "╠юёътр, єы. ╧є°ъшэр, ф. 1", "lat": 55.637296, "lon": 37.261058, "updated_at": "2026-02-03T07:10:48.085Z"}}, {"model": "places.place", "pk": 3, "fields": {"address": "╠юёътр, єы. ╧є°ъшэр", "lat": 55.868051, "lon": 37.49294, "updated_at": "2026-02-03T07:10:48.236Z"}}, {"model": "places.place", "pk": 4, "fields": {"address": "ърчрэ№", "lat": 55.796127, "lon": 49.106414, "updated_at": "2026-02-03T07:10:48.367Z"}}, {"model": "places.place", "pk": 5, "fields": {"address": "└ЁсрЄ", "lat": 40.138327, "lon": 44.403302, "updated_at": "2026-02-03T07:10:48.501Z"}}, {"model": "places.place", "pk": 6, "fields": {"address": "╩ряррюЁю", "lat": null, "lon": null, "updated_at": "2026-02-03T07:35:17.176Z"}}, {"model": "places.place", "pk": 7, "fields": {"address": "╔ю°ърЁ-юыр", "lat": 56.6316, "lon": 47.886178, "updated_at": "2026-02-03T07:10:48.828Z"}}, {"model": "places.place", "pk": 8, "fields": {"address": "ыюьюэюьютр, ф. 3", "lat": 50.392958, "lon": 30.50181, "updated_at": "2026-02-03T07:10:48.986Z"}}, {"model": "places.place", "pk": 9, "fields": {"address": "ърър", "lat": 37.345274, "lon": 59.620323, "updated_at": "2026-02-03T07:10:49.153Z"}}, {"model": "places.place", "pk": 10, "fields": {"address": "╠юёътр, яы. ╩шхтёъюую ┬юъчрыр, 2", "lat": 55.744637, "lon": 37.566072, "updated_at": "2026-02-03T07:10:49.322Z"}}, {"model": "places.place", "pk": 11, "fields": {"address": "╙Їр", "lat": 54.735152, "lon": 55.958736, "updated_at": "2026-02-03T07:10:49.457Z"}}, {"model": "places.place", "pk": 12, "fields": {"address": "ъЁрёэр  яыю∙рф№", "lat": 55.753544, "lon": 37.621202, "updated_at": "2026-02-03T07:10:49.592Z"}}, {"model": "places.place", "pk": 13, "fields": {"address": "╠юёътр, єы. ═ют√щ └ЁсрЄ, 15", "lat": 55.751933, "lon": 37.593066, "updated_at": "2026-02-03T07:10:49.720Z"}}, {"model": "places.place", "pk": 14, "fields": {"address": "єъ", "lat": 55.078148, "lon": 98.859705, "updated_at": "2026-02-03T07:10:49.857Z"}}, {"model": "places.place", "pk": 15, "fields": {"address": "twtwet", "lat": null, "lon": null, "updated_at": "2026-02-03T07:35:17.296Z"}}, {"model": "places.place", "pk": 16, "fields": {"address": "╦хэшэр", "lat": 45.019073, "lon": 39.209459, "updated_at": "2026-02-03T07:10:50.216Z"}}, {"model": "places.place", "pk": 17, "fields": {"address": "╠юёътр, ╓тхЄэющ сєы№трЁ, 11ё2", "lat": 55.770076, "lon": 37.620429, "updated_at": "2026-02-03T07:10:50.366Z"}}, {"model": "places.place", "pk": 18, "fields": {"address": "ЄхёЄ6", "lat": 44.633213, "lon": -1.144319, "updated_at": "2026-02-03T07:10:50.524Z"}}, {"model": "places.place", "pk": 19, "fields": {"address": "ьюёътр", "lat": 55.755864, "lon": 37.617698, "updated_at": "2026-02-03T07:10:50.663Z"}}, {"model": "places.place", "pk": 20, "fields": {"address": "сєы№трЁ", "lat": 40.593894, "lon": 49.683411, "updated_at": "2026-02-03T07:10:50.783Z"}}, {"model": "places.place", "pk": 21, "fields": {"address": "╠юёътр, єы. ╩Ёрёэр , ф.3 - 126", "lat": 51.846238, "lon": 42.462214, "updated_at": "2026-02-03T07:10:50.916Z"}}, {"model": "places.place", "pk": 22, "fields": {"address": "ъЁрёэр ", "lat": 48.706788, "lon": 44.563149, "updated_at": "2026-02-03T07:10:51.071Z"}}, {"model": "places.place", "pk": 23, "fields": {"address": "єЇр", "lat": 54.735152, "lon": 55.958736, "updated_at": "2026-02-03T07:10:51.248Z"}}, {"model": "places.place", "pk": 24, "fields": {"address": "╠юёътр", "lat": 55.755864, "lon": 37.617698, "updated_at": "2026-02-03T07:10:51.368Z"}}, {"model": "places.place", "pk": 25, "fields": {"address": "╠юёътр, ═ют√щ └ЁсрЄ 10", "lat": 55.753154, "lon": 37.594045, "updated_at": "2026-02-03T07:10:51.695Z"}}, {"model": "places.place", "pk": 26, "fields": {"address": "Є", "lat": 31.488791, "lon": 74.454652, "updated_at": "2026-02-03T07:35:08.489Z"}}]
